Post Topic,Post Text,Attachment,Scheduled Date,Status
牙齒問題唔止影響笑容，仲會影響你嘅自信,"牙齒問題唔止影響笑容，仲會影響你嘅自信
微笑背後，其實藏住好多故事
你有冇試過因為牙齒唔整齊、牙黃、牙縫大，影相唔敢大笑、講嘢會下意識遮住嘴？其實，牙齒問題帶嚟嘅影響，遠遠唔止於外表，仲會滲入你嘅自信心、社交圈、甚至職場發展
根據多項研究，牙齒問題會令人產生自卑、焦慮，甚至避免參與社交活動
有啲人因為怕被人留意到自己牙齒唔靚，會選擇唔講笑、唔影相，慢慢變得孤立，錯過咗好多本來可以認識新朋友、表現自己嘅機會
牙齒健康同自信心係環環相扣——當你唔滿意自己嘅牙齒，連帶笑容都收埋咗，自然影響你嘅心情同人際關係
有調查顯示，超過兩成受訪者因為唔滿意自己笑容，喺面試或者升職時都會覺得冇咁有信心
但好消息係，牙齒問題係可以解決嘅。無論係專業美學貼片、矯正、或日常護理，只要你肯踏出第一步，重拾健康同美觀，唔單止笑容會變得自然，連自信都會慢慢返嚟
唔好再俾牙齒問題限制你嘅生活——你值得擁有最自然、自信嘅笑容！
#自信笑容 #牙齒美學 #心理健康 #生活質素 #ReConfiHK",www.instagram.com (https://v5.airtableusercontent.com/v3/u/43/43/1752897600000/jY0IyquXAmguCzVwNvre8g/TPYNPjez-qL9xGmORar4CV-D56VvJd4ke9WZDqN2nAHBEupSmccqLq3c2LBLbwTvzXBLDDazZXDkNlka-e9rhxuQZtGYiToFwC0d7gdq419Bz996UaWYU1GlHmwy2kyipdq_l5WFBB-Z9nwf4BEpoA/HQlXAP6LVC5tTH9NN9tn0zfnG9KvV72ssvCoc83MQtY),2025年6月26日,Posted
笑容唔止係裝飾，而係信任嘅開端,微笑的力量：打開人與人之間的第一道門你有冇發現，無論係職場、家庭定朋友聚會，第一個打破隔閡嘅，往往唔係一句說話，而係一個真誠嘅笑容。微笑唔只係外表加分，更係一種無聲語言，能夠瞬間拉近距離，令對方感受到你嘅友善同誠意。當你自然咁微笑，對方會潛意識覺得你值得信賴，願意同你分享、合作，甚至更容易接受你嘅意見。科學研究都證明，真誠嘅笑容能夠誘發對方大腦釋放快樂荷爾蒙，減低緊張同戒心，促進信任關係建立。喺醫學同心理學角度，微笑唔止令人變靚、變年輕，仲有助釋放壓力、提升心情、增強免疫力。但最重要嘅，係微笑可以成為一段關係嘅起點——無論係新同事、陌生人，定係舊朋友，一個真心嘅笑容都可以打開彼此心防，令溝通變得更順暢。有時候，信任就係由一個自然、無壓力嘅微笑開始。你唔需要用華麗語言包裝自己，只要敢於展現真誠笑容，對方就會感受到你嘅善意同可靠。微笑，成為你同世界連結嘅第一步。你今日微笑咗未？留言同我分享你最近一次因為笑容而建立信任嘅小故事，或者tag一位你覺得笑容最有感染力嘅朋友！#自信笑容 #信任連結 #微笑的力量 #美學牙科 #生活心理,www.instagram.com (https://v5.airtableusercontent.com/v3/u/43/43/1752897600000/Uta-L9FpB8vDDAq2NrTvlQ/Yh8nCnyvAfqpk3t8Pkt42LAVQTJGW1rNDoyeYHfbvQfEedFp6tL_HeEiHa71xIlxMvlsumMDtlX8ZSAFwuZbEGWdFGHxRDRkc3tqKR7X8YZ_9wqKNB8pdy0k5t0JjECEvFPiPoBIqveYoChyu7BcTQ/AtMLn6L1XkHnBJtcZQQyjpsdwriOEJu4GPS11nvJqj8),2025年6月23日,Posted
唔再遮掩笑容，從而開放自己嘅世界,"唔再遮掩笑容，從而開放自己嘅世界
微笑，係打開新世界嘅第一步
以前，總係下意識用手遮住嘴，驚人哋見到自己唔完美嘅一面。喺聚會、影相、甚至同陌生人講說話時，都會收埋自己最真實嘅笑容。其實，呢份遮掩唔止係對外表嘅不安，更係心入面對世界嘅防備。
但當你肯放下介心，勇敢咁展現自然笑容，會發現世界都變得唔同咗。微笑唔止係外表裝飾，而係一種開放自己、邀請世界走近你嘅訊號。心理學研究都指出，微笑可以減低緊張、打破隔膜，令你同身邊人更容易建立信任同連結123。
當你唔再遮掩，身邊人都會感受到你嘅真誠同自信，無論係職場、朋友定家庭關係，都會變得更加和諧、自然。你會發現自己開始主動參與、勇於表達，甚至連生活都多咗好多新可能。
其實，開放世界嘅第一步，就係由一個真心嘅笑容開始。
你有冇試過因為放下遮掩而改變咗自己嘅生活？留言同我分享你嘅故事，或者tag一位你覺得笑容最有感染力嘅朋友，一齊用笑容打開新世界！
#自信笑容 #開放人生 #微笑的力量 #美學牙科 #ReConfiHK",www.instagram.com (https://v5.airtableusercontent.com/v3/u/43/43/1752897600000/dIU1WOyy6snsgCo3vI3ZPw/Ae2cWm8I8tSNwjfRCm2BGXSacEw9_wZkPD_ACd8pCfuBiXTgeUMcClf-R0XWAPsczoNP4ZaUF6gm6EBi399IKc8-d_IM-OSaku8F4JPL69npygwpe0Ani9tbCllqjPfsKYTj9-l7f9-eWd-h0Wxhjw/NHJpZMtZvqMCINtapxAexk0upql39pjCIRD5jwTGTis),2025年6月24日,Posted
"笑容唔止係裝飾，而係信任嘅開端
微笑的力量：打開人與人之間的第一道門","笑容唔止係裝飾，而係信任嘅開端
微笑的力量：打開人與人之間的第一道門
你有冇發現，無論係職場、家庭定朋友聚會，第一個打破隔閡嘅，往往唔係一句說話，而係一個真誠嘅笑容。微笑唔只係外表加分，更係一種無聲語言，能夠瞬間拉近距離，令對方感受到你嘅友善同誠意12。
當你自然咁微笑，對方會潛意識覺得你值得信賴，願意同你分享、合作，甚至更容易接受你嘅意見。科學研究都證明，真誠嘅笑容能夠誘發對方大腦釋放快樂荷爾蒙，減低緊張同戒心，促進信任關係建立32。
喺醫學同心理學角度，微笑唔止令人變靚、變年輕，仲有助釋放壓力、提升心情、增強免疫力3。但最重要嘅，係微笑可以成為一段關係嘅起點——無論係新同事、陌生人，定係舊朋友，一個真心嘅笑容都可以打開彼此心防，令溝通變得更順暢42。
有時候，信任就係由一個自然、無壓力嘅微笑開始。你唔需要用華麗語言包裝自己，只要敢於展現真誠笑容，對方就會感受到你嘅善意同可靠。微笑，成為你同世界連結嘅第一步。
你今日微笑咗未？留言同我分享你最近一次因為笑容而建立信任嘅小故事，或者tag一位你覺得笑容最有感染力嘅朋友！
#自信笑容 #信任連結 #微笑的力量 #美學牙科 #生活心理",www.instagram.com (https://v5.airtableusercontent.com/v3/u/43/43/1752897600000/pnJk4OeTYK67o_o5Lke0KQ/UpH1aUpj8PBJWFrNr-NDyNMhWSSzkCrzv6SFaHfcz8hHGcjgid1M5GtBXVWaOYSXUaARzt8-xcIFYBbIE7cowWhvT1LHYu46QrQYNeYkvGE5ftQsMFC27B-7GRK8pchBIF6pyIF7fEUQiA5hrjhT2w/LeJ1iefbIRcnhARyL8pyIXIZJXX_3IZ9d1n4foaXJgc),2025年6月23日,Posted
做咗貼片，仲可唔可以照平時咁刷牙？,"做咗貼片，仲可唔可以照平時咁刷牙？
好多客人做完貼片第一個問題都係：「我需唔需要用特別嘅牙刷？」
事實上，貼片完成後，日常清潔都可以沿用你本身習慣，
但有幾個地方要特別留意，包括毛刷硬度、漱口水成份、刷牙力度等。
貼片唔係玻璃咁脆弱，但保養做得好，會令佢用得更耐、感覺更舒服。

📩 DM 我哋查詢貼片完成後保養建議，了解長期護理貼士。
#貼片清潔 #ReConfi術後保養 #刷牙知識 #陶瓷貼片要知

",www.instagram.com (https://v5.airtableusercontent.com/v3/u/43/43/1752897600000/nLS1ttXY0dWVhT7e7T-qdg/uugR_d5vhTSmEiL-vDcXFYYj2EVAwtQPOg5ZTDvjGQJ2Wqby7FY-L-qxOwhbDAWgEra-Im_e-5bRX2_LBMy-Qg3RpcKUj67N6Cha9Sky7natqfFmK__6tQUKlp3BFr0LDdCTGFL2kMcnVBOzLBVLbg/6Wst0ajbHv8-nru_JvkfpmS8E_Q6Yq8EIyFT46yqGEI),2025年7月13日,Posted
清潔貼片有咩注意？你要避開呢幾樣嘢：,"清潔貼片有咩注意？你要避開呢幾樣嘢：
✔️ 用軟毛牙刷，減少對陶瓷邊緣磨蝕
✔️ 避免含漂白成份嘅漱口水
✔️ 每日用牙線，清潔牙縫防止牙周問題
✔️ 唔好過度用力刷牙，尤其係黏合位邊緣
✔️ 避免用牙咬開包裝／咬硬物（例如花生、骨）

貼片設計得好，保養要配合先可以保持效果。
唔難，但要有意識。

📩 Follow 我哋 ReConfi，學埋點樣護理你個自然笑容。
#陶瓷貼片保養 #清潔牙貼 #貼片FAQ #ReConfi細節教學

",www.instagram.com (https://v5.airtableusercontent.com/v3/u/43/43/1752897600000/u3hEnJtcEwgSR76BG0nmug/yV8_EVSTL6LBUQVBYOKwYwAuNfeBZsmHvRcWKIor6ABuQH9aqKvcihNoi3YV1A7gXkMfJXavk81bNZmNdaZhmLmTgUQ3LS5qwbaC3BfWh18Tjqwm_Y-FT5vFxVwnijETPAg4XiZhK-0qA7CIkmb_nw/qGFl5woHQrwpP3Cqp95uqefMb8r3hwmGQl4WDoiMZkE),2025年7月12日,Posted
貼片設計係一次，保養係每日。,"貼片設計係一次，保養係每日。
你個笑容係設計出嚟，
但佢留唔留得耐，就靠你點樣保護。

📩 想我哋幫你檢查貼片使用情況？DM 預約覆診。
#貼片保養每日做 #ReConfi生活笑容 #自然笑靠習慣

",www.instagram.com (https://v5.airtableusercontent.com/v3/u/43/43/1752897600000/jE5MAblMvcYqRtyrgYCMQQ/BF_douPTL8s4-xmauTtTcr-zENEHmouc6wKAs20xpvrqONfqK61SH8_AVkcKcz632IfTn7Y9HrIOzkJHkDjvU4jeLCATcbfLsOa8FpR0nqMshIMCu2evosn6hLlB0_B2UvlqmW6rCVzFlEFVN1HXdA/-yBEFj-MGTRZZWKbvyEElhXVymoONY-o4ADBbpPvGm4),2025年7月11日,Posted
常見誤解：陶瓷一碰就碎,"常見誤解：陶瓷一碰就碎
好多人以為陶瓷貼片好似瓷碟咁，一唔小心就會碎，其實呢個真係常見但錯誤嘅迷思。現代高品質陶瓷貼片（例如二矽酸鋰、二氧化鋯等）經過精密製作同專業黏合，強度同原生牙齒幾乎一樣，正常使用下唔會輕易碎裂。

#陶瓷貼片 #迷思破解 #牙齒美學 #ReConfiHK",www.instagram.com (https://v5.airtableusercontent.com/v3/u/43/43/1752897600000/KlQWmwRRIjAzvXiG3gR2Dg/S40oJ1yrt0OrfQdaPviF4EUkjxsx9YL9uuTyqKwTsDkFs7CKTR2k-mHKqD2YUYAsrt7mSY-fa6l5xVmLskG5OC0rMAZqJKC2HtVIKk6_snVyuFRg0hih76eca-rIxADUyvuDsPYnrOvaGjELoEBVSA/8I2d2JhuhXzGQQNz5iBm2gnsgBxOzboBR9IdNaEIKWA),2025年7月4日,Posted
陶瓷牙貼有強大嘅硬度，易清潔同更貼合牙齒,"陶瓷牙貼有強大嘅硬度，易清潔同更貼合牙齒
其實陶瓷貼片唔單止夠硬，仲有極高耐用度，正常保養下可以用十幾二十年。貼片表面光滑，唔易積漬色素，清潔同刷牙同真牙一樣方便。專業設計下，貼片會根據你牙齒形狀度身訂造，貼合度高，效果自然又舒適。

#陶瓷貼片 #耐用易護理 #專業設計 #自信笑容 #ReConfiHK

",www.instagram.com (https://v5.airtableusercontent.com/v3/u/43/43/1752897600000/2TLnWbiznfJKN5ghMX6jMA/l9aPJ7I7nm5DVgyWd_GL3bxuSESPSymr1knYCnFdX248X0cHuyi0SWEP9ePMONfaMPQMXrZ0fRGizb81rV0Qq9tMGJVC6UNujeqHC1EBW9QNZt0um53qmYd2MLS_rOKiosOI1h4l37quu_EgBRONMw/s_oc8749wJvfb7X-mZsTeq0uKWCzreHIBaXKZK5Z9Zc),2025年7月3日,Posted
知多啲，令你喺自信路上不中伏,"知多啲，令你喺自信路上不中伏
「了解多啲陶瓷貼片嘅真實特性，唔好再被坊間流言嚇親，先可以安心踏出自信笑容第一步。」

#知識改變自信 #打破迷思 #牙齒美學 #ReConfiHK",www.instagram.com (https://v5.airtableusercontent.com/v3/u/43/43/1752897600000/v3bswplgT6GVJUPLI8jFlg/pjRxcMMOp-SvD3naO_Q9Q5hpW4CY6JO1DMTIS75hl0WxJxyauGfbKIFNeFjZ6CEKcUOQ2WiS4qYE9T6WdeNE0vfesXeWQW0N9BDkIHsaJcQMOC8t5aSNhr2srNwkvOlsucwnsQfLZLL9aqK_GV4OcA/v9yJtgWEZECGzntmOb7sl_XG8nvFlki-7vsgomUaBnQ),2025年7月2日,Posted
笑容改變，會唔會改變你嘅愛情運？,"笑容改變，會唔會改變你嘅愛情運？
你有冇諗過，一個真誠自信嘅笑容，其實可以悄悄改變你嘅愛情運？有時候，第一眼印象就係由你嘅笑容決定：潔白整齊嘅牙齒，會令人覺得你親切又有魅力。其實，唔少人都因為笑容而被吸引，甚至開展一段新關係。
你有冇試過因為笑容而遇上特別嘅人？
留言同我分享你嘅愛情小故事！#愛情運 #自信笑容 #戀愛小心機",www.instagram.com (https://v5.airtableusercontent.com/v3/u/43/43/1752897600000/0nJloyb2nNbee6kiaYJ-pg/yv05tAf9YgxOmZNcwp0hmYEsZq-AXX5-hC-a71P1hh0QT7sC0MdOMFvzvVOyo4zaBxwlLWJhpMiVgfF1ewHX_XNA56XSRlsOp-xMF6ifU35c36upkjri7qZwOQ0yJoiAfhdFXlrsMx0AXbIMtOJ3LQ/9MFmENV8zdnHzavKKAn1qj6bkvgOFvADgCobtB33xrQ),2025年7月10日,Posted
唔止係外貌改變，而係自我價值提升,"唔止係外貌改變，而係自我價值提升
美白牙齒、打造靚笑容，唔只係為咗外表更吸引，其實更重要係提升自己嘅自我價值。當你肯投資自己，無論係護理牙齒、學習微笑，還是主動表現自信，都會令你由內到外散發正能量。自信源自自我認同，當你欣賞自己，身邊人都會感受到你嘅改變。你有冇試過因為自我提升而改變咗生活態度？
話我知你嘅成長故事！#自我價值 #生活美學 #自信成長",www.instagram.com (https://v5.airtableusercontent.com/v3/u/43/43/1752897600000/PoqxFV4gBb_iKhsMrRjNHg/aDaBZMQyX-z-v_vr25gwo-5k-u6vk_YGQ35Yhe915bNQ2yJ14Fwpu0295ZmfCEkJj_B0K6epEkS1kD5v7R3JD5cWAhZ8lHLWpkXcOphOWGvLpG1nAnTWuTZIhIZItnnePDHBKM67wRyhls_gOEIECQ/Y0leZCn2dTaZs8cJUniY9SYtIqq38XFc7pl37ftHrtM),2025年7月9日,Posted
自信嘅笑容，令你更敢愛自己，亦會吸引更好嘅人靠近,"自信嘅笑容，令你更敢愛自己，亦會吸引更好嘅人靠近
「當你開始由心微笑，世界都會為你打開新大門。」自信笑容唔止令你更敢愛自己，仲會吸引到同樣正面、有能量嘅人走近你。愛自己係一切關係嘅起點，當你敢於展現最真實嘅自己，自然會遇到欣賞你、珍惜你嘅人。Tag一位你想一齊變得更自信嘅朋友，或者留言分享你嘅自信蛻變！#自信蛻變 #愛自己 #吸引力法則",www.instagram.com (https://v5.airtableusercontent.com/v3/u/43/43/1752897600000/44eEi7auCxNyqe3hiZVqeg/fRo2moUyqHsumI8K7dMKNUXEXKNRPJzv2-WUVIlBU7NA1_4sjhn-6IhVMSnVQ96X7ZHqoTegV_2nkw_B3hGFAIU0giWdFmsAXq0fXvxxKpdIXyoK6WujdLtp9JmVROjnFVQTxyBgW2P94p1rGQMafw/KzO2IGeqRgkJlVPLswnJD9VNee7fiOGjdRB3SmA2c0Q),2025年7月8日,Posted
認識微笑的科學力量，原來笑容改變大腦！,"認識微笑的科學力量，原來笑容改變大腦！
你知唔知？一個自然笑容會觸發大腦釋放多巴胺同血清素，即刻降低壓力荷爾蒙！
研究顯示，真誠微笑嘅人：
✅ 被認為可信度高 40%
✅ 職場合作成功率提升 35%
✅ 人際關係滿意度倍增
但若因牙齒問題收埋笑容，呢啲益處就會消失。想解鎖微笑科學力？專業團隊幫你分析笑容潛力！
#微笑科學 #神經美學 #自信根源 #ReConHK",1.png (https://v5.airtableusercontent.com/v3/u/43/43/1752897600000/rMRAOUJonleYeOtTO_kbyA/j2qUnbwqL9KOGXOmGX8XkdfcSfnru9mjbnvY7m-9AyRwGSXICvqSA08cmnSFdRSV4t0FLA845rXcW0lEN4a5rfT8Lyq98P9xbb6pKkcb2OMx15KRfovzlNzFbmJIGDGLDNmTGmjaBJ9dlEl3Gfu0sw/n8geDU1dBE7bwrQG0Jz-iEwjp53pe8LoJr8VCTKU2fQ),,Content ready
點解笑容可以改變大腦？,"點解笑容可以改變大腦？
你知唔知，當你微笑時，大腦會自動釋放多巴胺同血清素，呢啲「開心荷爾蒙」唔單止令你心情變好，仲會減低壓力，提升自信。
就算係「假笑」都有效果——肌肉動作會向大腦傳遞訊號，令你感覺更正面。
所以，笑容唔只係社交禮儀，更係你大腦自我療癒嘅秘密武器。每一次微笑，都係幫自己reset心情，打開新一天嘅好開始。

",2.png (https://v5.airtableusercontent.com/v3/u/43/43/1752897600000/v1ghZe5exjcjpGfsBxtZsQ/Sn1Fm_SS5ijRRs0y2DMuOJrEmDM7BxOXO22XVSofUR7K1xuYxISMi96pSOkvxaY2Tj6RBk4Ig6qQ4GDqFWWPSIK0ycDsVlRmZ7Y2I-NCjavIjSbrnaL2qa94eG_2Fb3ELI06sH91BIawIKU5Cex_xQ/GP4KpeFiIBnneIyJraAygE6ts6E64eY7Qc1Jj99LWmY),,Content ready
「一個真誠嘅笑容，可以令你同世界都變得更快樂。」,「一個真誠嘅笑容，可以令你同世界都變得更快樂。」,3.png (https://v5.airtableusercontent.com/v3/u/43/43/1752897600000/I2C91McCvkMJTUs2x5Cn3g/YzQUhWni3N7c2KIt-ZBIMf2_Roy-yMEbUxn8S6dlwTL_FlSfPp4JLiYkvfHxMxiSI9glrXdaPGp1GO54PoAO_0OKp-g8mjk1o3_1mziEmrGeEvjSjVSrcnSXv4evgAAztSDPDX5oPs14QZPPoPo6TA/rf5MFFtpnEjZZT24d66_yaxHl-QPRq-mV5Q2DY4fbzE),,Content ready
：你棚牙攝住左條菜呀,"：你棚牙攝住左條菜呀
食飯時大家講緊笑，你都笑得好開心。突然朋友細細聲提醒：「你棚牙攝住左條菜呀！」嗰一刻成個人即刻愣住，尷尬到唔知點反應，只好用手遮住嘴，心入面暗暗發誓以後食完嘢一定要照下鏡。

#社交尷尬 #牙縫攝菜 #生活細節 #ReConfiHK",1.png (https://v5.airtableusercontent.com/v3/u/43/43/1752897600000/-9--CHITXEQ4F7DAslXatA/Ud-0Rx7nqgZfI2tYw49ApdA_h9l_HAzDFmG9GAvmdVsN5KEs_WzSQHGDVGgtFa7tCH4-T0oBNjI4OFhjMRPx0f7ADhmX3yaWhb4NPv_0hdQMoPj2HtYXuC9KRPQf8-pDekMj8pZE4loTJRbLZPxrBg/U8RanvMVk9v54sVq9Gfmu3PwFoHfRC1SuhdXOC1dRCY),,Content ready
尷尬嘅社死時刻，其實每個人都試過。,"尷尬嘅社死時刻，其實每個人都試過。
牙黃都一樣，平時根本唔會察覺，通常都係其他人一句無心之言先令你醒覺。
但一旦畀人提起，嗰種感覺好難當冇事發生，之後就會不停照鏡、檢查自己，開始介意每一次笑容。
其實，呢啲細微嘅自卑感，會慢慢影響你嘅自信同社交，令你變得愈嚟愈收埋自己。
如果你都經歷過類似情況，唔需要覺得尷尬——其實好多人都一樣，只要肯踏出第一步，專業牙齒美學都可以幫你搵返自信笑容。

#牙黃困擾 #社交尷尬 #自信笑容 #牙齒美學 #ReConfiHK",2.png (https://v5.airtableusercontent.com/v3/u/43/43/1752897600000/_UIwYNhaNXFsfi_t2m3v_Q/7uUqeszYOrg-LsvDfT_V2_XqYgup8HYZnbCM-3hDljgtgcC7qEYiSytXWRZCQIdyK-yCoTC4YyV7PyP1rqb1yYeW5K-SAp6JTLynGrQiFAhaP0txorCijWJZTYIarD8LuXoNu7BOXRZ275OLrSkpig/Tq4sUjLHyvqvw5vKRuP2BIaSrQUEMtndyk72iCqAoeM),,Content ready
唔需要覺得尷尬，踏出第一步就係重返自信笑容嘅開始,"唔需要覺得尷尬，踏出第一步就係重返自信笑容嘅開始。
無論過去有冇因為牙齒問題而收埋自己，其實每個人都值得擁有自然大方嘅笑容。只要肯行出第一步，你會發現自信其實可以慢慢搵返嚟，生活都會變得更加開朗自在",3.png (https://v5.airtableusercontent.com/v3/u/43/43/1752897600000/epUmF8SQ31mH-LYAl2BMDw/BfEHl1K13Hqj5-nSv2Er9rvXh5_5F3sPSROMItlcrOpkmvY39-BYnqTM_4v_scxHWnFYd3_OGEjrklbLYEASDgMuoZof7DY6IpMon6ZjJ8TAScou_LBPNPb-v__aN9Y9RS7Z8zJ2wKWA6xE80FTL6g/iti92B2X96hB-66BvkBMWmYEqxFsLu4_m9v1Sb4DMBw),,Content ready
你有冇諗過，自己啲笑容其實可以設計？,"平時影相、同人傾計、甚至開會時，你會唔會下意識收埋嘴角，怕自己笑得唔自然？
其實，笑容唔係天生注定——而係可以根據你嘅面型、膚色、性格同生活習慣，專業咁度身訂造。
當你發現原來自己都可以擁有一個自然、和諧、專屬自己嘅笑容，嗰份自信會慢慢滲入生活每一個細節。

#笑容設計 #自信由笑容開始 #牙齒美學 #ReConfiHK",1.png (https://v5.airtableusercontent.com/v3/u/43/43/1752897600000/7iNNI51Mueh1qHNxSSWwhw/SLsE550bqP6GewCPbdx-Cn_qYaDJyfGf0pTtjQpv7yMsvETOIf4EAaze9CAmoaY5Fh_AOBPwnvvpaZPT24s7rrJjgYdBrPAaIYjzu1Wzwdf0lGvj2Mbzk1APdPOK-Y0qU0uQLPT8Fp5qFwPI8VH17A/_YyZKptU3XY0xjQE97w2EDn9a1StpqFwkJ484wPYPZ8),,Content ready
專業笑容設計唔單止係整靚牙齒咁簡單,"設計師會根據你嘅五官比例、唇形、膚色同你想俾人嘅感覺，利用3D模擬技術，預先預覽效果，確保最終笑容同你整體氣質一致。
有啲人做完貼片之後，唔單止影相唔使再修圖，連日常講嘢、開會都變得更主動、更有底氣。
原來，笑容設計係將科學同藝術結合，幫你打開自信新世界。

#專業美學 #微笑設計 #自信升級 #生活改變",2.png (https://v5.airtableusercontent.com/v3/u/43/43/1752897600000/mzGk86Kj2eV59YKT6hJtqw/tOldhXmwUcs_OrMu0x3_k55U153Jaq-LAGL5AxVUDvi0Sis8z-mCakaq3-fjqGCWVqve2ddOPaMuqlX2xSMmpkO9U4U-BGfyo-3woNaQeE3kJDVXlf-isnBcw4s1KjCayAQPdt9mPQj2K-Y9uP5cgA/S11bl5d91of9qBax2e2WSmI_skJZj1dC5yQPvVWR8aY),,Content ready
一個專屬自己嘅笑容，會令你每一日都想主動同世界Say Hi,#自信笑容 #生活美學 #牙齒美學 #ReConfiHK,3.png (https://v5.airtableusercontent.com/v3/u/43/43/1752897600000/vchapEAr9dc_g_30OTgg3A/jYLn27XAqFWI5EJKp9rd4sGEmI4NBg7YGfz9aFifNdlRL4Xp1RtvHPmOu2GwgBR-Ao7u3TLnEPYGdOCZk9DyHPQmGAq-TovKy9Z1WYLPhqhW8_ZQvUdKWTTnts9KdkccJ_HDP5vuxHTaEA6_PCX2tw/quGmRxExVu0q4IPb7zAonwrCspwXqYU3apWsC0eUCcQ),,Content ready
牙齒美觀＝有錢人專利？,"牙齒美觀＝有錢人專利？
成日聽人講：「牙齒靚就係有錢人先有嘅特權。」但其實，牙齒外觀受好多因素影響——遺傳、護理習慣、飲食、甚至壓力都會有影響。現代社會雖然對笑容有高要求，但美觀唔應該只屬於某個階層。唔好俾標籤限制咗你對自己嘅肯定，真正嘅自信來自你點樣對待自己。

#牙齒美觀 #打破標籤 #自信笑容 #生活態度 #ReConfiHK",1.png (https://v5.airtableusercontent.com/v3/u/43/43/1752897600000/5yfh7D6lcdm63AgEbbUXiw/mVs8-5u_LKp-SWDkWlejyvjntFIlEYstJCQ4R4le71Y00C2vOWHPNqcFjB8cxD7qpb5JLk6PvVJWGtCmIG8nAeuPjKdoDdGbKDZEGTbbyeT5zbmr7ilsHvyqif1YSypECH_mPOsA7PWKVIzLhbcBXg/OFqrU59bHyQzDbu2_PQ3klAeJjTrHH_SpMkkHvg8edI),,Content ready
自信笑容人人都值得擁有,"自信笑容人人都值得擁有
自信笑容唔係天生注定，更加唔係有錢人專利。你可以靠日常護理、正確刷牙、定期洗牙，甚至選擇平民化嘅美學方案，慢慢累積屬於自己嘅自信。而家有好多專業又親民嘅牙齒美學技術，唔需要高消費都可以改善笑容。最重要係肯踏出第一步，主動了解自己需要，慢慢建立自信。

#自信由心 #牙齒護理 #生活細節 #美學選擇 #ReConfiHK",2.png (https://v5.airtableusercontent.com/v3/u/43/43/1752897600000/XtghNv_fOjtodFzvABobVw/XLdNyTOl-ZNrGk_HOUlVK9to4CfyRPvlS50WYAA6noYtwRMmP0mzHxzjiRe8VpkrsVgngS8PQt0rFZLpVYzfoAA7IEwyLS7Ta5AeOLiPyqINI5O5wf2Sc5duM4ILOXRWivtZNJnraf4hjjlCQI8vWQ/SZ2WpqqfAWDXXsehtcJVnZFqoHL26FkGU87x6_eu9rk),,Content ready
打破標籤，專注個人成長與自信,"打破標籤，專注個人成長與自信
「你嘅價值，唔係由牙齒有幾白決定，而係你有幾敢展現真正嘅自己。」
自信笑容唔係比較出嚟，而係由你每一日點樣對待自己、點樣選擇成長開始。打破外在標籤，專注做更好嘅自己，先係屬於你嘅美學態度。

#自信笑容 #價值由心 #打破迷思 #ReConfiHK",3.png (https://v5.airtableusercontent.com/v3/u/43/43/1752897600000/dT_jFaG5NkIKmHz2-1U9TA/Cq8Wnfw00Thzp3URXMATLvZ2MLa8ajF_H9_Ei6EZUjGNawhrfwS14sqUyU9qwnHXKtP4xgWNS7Cu9CBcy6qrJYMwoFNk8l7-LaNPYl2se6e61bFODccrEthk_qs2JeORDUYicaD1S7ocJsNnJBXCGw/MWYCIiqqMmWdD9HJp--hYd3GH-Vhsl8M3xM-7fftd2g),,Content ready
牙貼唔只係「靚」，仲係一種投資,"好多人以為牙貼只係為咗靚，但其實佢仲係一種長遠投資。
一個自然、和諧嘅笑容唔單止提升外在形象，更會影響你嘅自信、職場發展、社交圈同生活質素。
選擇高品質陶瓷貼片，好似為自己加多一層專業同自信嘅保護罩，令你每次開口都安心大方。

#牙齒美學 #自信投資 #陶瓷貼片 #ReConfiHK

",1.mp4 (https://v5.airtableusercontent.com/v3/u/43/43/1752897600000/WFaox5ba_c7_crtTN4vHhw/Jm9L_awITl5-DjzqhQ_ZK3lwPcxikobdWJ2uIE91is93mVgxbUhDyubt8DMdZswW1wLGoGDrIw3lDXpkHZzWxUCIslknq9QwaZ_NnF4f7sOC2sFNF7CRteh4J78Kx4Tza4hMsZwpTCa7Ek4C-Otwfw/j9TG6xQBAlbICoWquMqhZ7zUJdYNRcPe2vJPPUWRjgQ),,Content ready
選擇高品質陶瓷貼片，令你每次開口都安心大方,"選擇高品質陶瓷貼片，令你每次開口都安心大方，唔單止因為外觀自然、貼合度高，更因為材質本身有極高硬度同耐用性。
現代醫療級陶瓷貼片經過精密設計同專業安裝，可以有效覆蓋牙齒色斑、缺角、齒縫等問題，打造出自然亮白、和諧又舒適嘅笑容。
陶瓷貼片唔易變色、抗染色力強，平時清潔同真牙一樣方便，正常保養下壽命可達10至15年以上。
專業度身訂造，令你唔使再擔心尷尬，真正做到每次笑都自信滿分",2.mp4 (https://v5.airtableusercontent.com/v3/u/43/43/1752897600000/RI8zuTGK5CJgCpLuU-Zq3g/8hlP63gD15pzRCcfwyifl0dktN7BzVcDCf8vWNm-jrz_gqLqsZrA3bPBZ0nPYvziFu5Cyz87NQCsI5sJiBGwHcPMH2e0ENHTN5kKXKyi4wcaHEALHwTIfIWdKV7sLHxMhluCDccI9jGoXkH6-1PszQ/hK8Q5k6IlDIDj7hMqJjR3bPKt6HLrY4-IlLzSfyy0P8),,Content ready
投資一個自然自信嘅笑容，係改變人生質感嘅開始,"想我地製作更多牙齒美學貼士，留個暗號「🦷」比我知
Follow ReConfi，唔好錯過每一個令你更自信嘅機會！
#自信投資 #美學人生 #牙貼價值 #ReConfiHK",3.mp4 (https://v5.airtableusercontent.com/v3/u/43/43/1752897600000/PCzIr2vnPfLk0q9U8321qA/71_wfQFZRrUNwlN2yInItL5A9kOiq09Im7EBMZN61ilROZIVRemh2R1gny60-TE0MVk58Zu3uRdyY3KNJwadWwNdbzlnYLTLsBW1sfHvaZPI5YP0Wj2sdrq3Zi51CEvu3tunU8-VnI32sgz_tBZ2sA/WXxt9-rZosIHJ69sCaVS7dQFzNm5CMgMWlEGNFK0qNg),,Content ready
笑容自帶濾鏡？其實我都有過牙齒煩惱…,"笑容自帶濾鏡？其實我都有過牙齒煩惱…
自拍時你會唔會都忍唔住用手遮住嘴？飲完咖啡、奶茶又怕牙齒變黃？以前我都會因為牙齒唔夠白，唔敢大笑，甚至影相都要P圖。你有冇同感？留言「😁」話我知你嘅牙齒小煩惱！#牙齒的秘密 #自信笑容需要一口小白牙 #生活美學",1.mp4 (https://v5.airtableusercontent.com/v3/u/43/43/1752897600000/LCtBDVZJ4FsFgRuB-G3c8A/xMgWc6ZKmS79bpODhdkSCsKEI_9IZ8Jt75MhfnIIgm7_n3bwYhV3UHCIAC3eWY8XNClG1bGB1xgfq5scV1w3sHVlbFlorOZH0dGoI2ta9JlQIbgLwB1Fck_qtYPRD60KwkVDbFdGnD01TMSJ_3YCWA/w4obrIDCJHxmdaaeIF2QFGdAvmcO8-xAPd15w-c8x9Q),,Content ready
我的美白牙齒秘密 🤫其實美白牙齒冇你想像咁難！,"我的美白牙齒秘密 🤫其實美白牙齒冇你想像咁難！
牙齒美白唔係明星專利，日常護理＋正確方法，人人都可以有自信笑容。我平時會早晚用「貝氏刷牙法」配美白牙膏、每日用牙線減少色素殘留、定期專業洗牙加低濃度美白凝膠。其實美白方法有居家、診所、陶瓷貼片等，建議先問專業牙醫，搵最啱自己嘅方案。打「💙」即送你我的美白牙齒Checklist！#美白牙貼 #牙齒的秘密 #健康生活",2.mp4 (https://v5.airtableusercontent.com/v3/u/43/43/1752897600000/uhN54okyZBMIxxvfzJMdnA/DSGxIXuaaROjyvs3ItIyQyV2oyBnq1u0Zt3Znr_Ys1OCLj7FJAu4RITC7sn1FsljLsElpbLIUCG3Cs2ZEk-JsFvU70h-K6TH42GrwuUHuFam_0ZXoBf7KEfTYBEs3wOpkrTuY-cJEKwBHSaytX0R5w/jvD75dFg2Xg-5tDnSpwHlxlo0PKG0EReBX_vzrbQScU),,Content ready
一點改變，笑容自信升級✨,"一點改變，笑容自信升級✨
「有時一點點既改變，就會好似自帶Filter咁，變靚左。」美白牙齒唔止係外表，更係自信、生活質感嘅提升。鼓勵大家勇於改變，笑容會令你發光！Tag一位你想一齊變靚嘅朋友，或者留言分享你嘅美白小秘訣！#露出一口大白牙 #自信笑容 #生活美學",3.mp4 (https://v5.airtableusercontent.com/v3/u/43/43/1752897600000/qLGy8N6krlHAqXcPy9oztw/ewdLzkk2I6TfjyEnD_Hgi6AkHNwZ1IYcohlSbmaZnhsIcOajeQTruYv7w-rRth69Rm7OlmmY7G69EwuqVg3K3zxbmAI8GkSyNGFHzHqR-2nCUCJIdwt4K9i3ra8sG3nbHjN3z192EofZzeGrGWa4Ew/JMcUTLdGregzSB3zWOF-EqUpED4CPJEvad0PMyDKywQ),,Content ready
30年兔仔牙整牙貼係咪己經太遲？,"30年兔仔牙整牙貼係咪己經太遲？
好多朋友都會諗：「30年兔仔牙，依家先考慮整貼片，會唔會太遲？」其實，改善笑容真係冇年齡限制，只要你想改變，幾多歲都可以開始。現代陶瓷貼片技術成熟，效果自然又快捷，唔少成年人都因為貼片而重拾自信笑容。#ReConfi #陶瓷牙貼 #兔仔牙 #自信美學",1.png (https://v5.airtableusercontent.com/v3/u/43/43/1752897600000/t5IBpUZGozKbdWJ6y6QCmQ/sQFTKPqnTEA25V8PtGj7kLW2ikRktOXMjk2ndGY3b1Pp4VgkrZOdjBcPhl1z-sgXF_bkgn8eHu1DIdRjDKjmDXMrAFLcAMu_GF5Xm39PXxl0QoqKL1KBGDFN3USz3c_I6BfIBYK_E3S1LTZ2SbPgkw/aQ56DsKedylEXYKKfXBIkU9iPg8MuwvhJiDaP9izxC4),,Content ready
點解兔仔牙可以用貼片改善？,"點解兔仔牙可以用貼片改善？
兔仔牙唔一定要靠箍牙先改善，陶瓷貼片都可以幫到手。醫生會根據你嘅臉型、牙齒排列同顏色，設計貼合你個人風格嘅貼片，修飾門牙形狀同大小，令笑容更自然和諧。療程快捷，適合想快啲見效嘅你。如果想知多啲貼片設計同效果，可以inbox我哋了解詳情！#ReConfi #陶瓷牙貼 #美齒新選擇",2.png (https://v5.airtableusercontent.com/v3/u/43/43/1752897600000/7LNIILS1n14QXFeQ9X_2MQ/uy8IIb_mp4u-qUsejbvxJU22tSb9UOrCmCtLJQ6CSOPE4W7tl0b-Oc9jvq8AzGvQAW24exR1l6wsaLqgD-TRebVxvDDfKa3kBwHyhN8chieEoK1Rk3NWuOfIFxlthjpFQdozR0oBOL7yJZkHq3VfzA/KnqzB8I1kZ1BuAkBF6KI0MlMxZeZg4fprKjk-E4gzmc),,Content ready
改變永遠唔嫌遲，笑容由你話事,"改變永遠唔嫌遲，笑容由你話事
「改變永遠唔嫌遲，笑容由你話事。」無論你咩年紀，只要肯踏出第一步，隨時都可以擁有屬於自己嘅自信笑容。陶瓷貼片唔止係外表改變，更加係一份對自己生活質感同自我價值嘅投資。#ReConfi #陶瓷牙貼 #人生投資 #自信蛻變",3.png (https://v5.airtableusercontent.com/v3/u/43/43/1752897600000/vjIqy2f0h1CWpyjtUibmLQ/CTgS9PSNMm9RK6V1BmuxIZ4o44i2B6u_uPVeCXrNCLbdxAOWA7V6yjHUZDSCqdAo86b_lrkplfol9X-nawLZKciSNE2ZS8OeijQYpOWn9hdA6VtPkMIm_fdECiQ9HuXFw0Y11XwM11mUyWBJ6dMlaA/Sad-gnb-f1NQ-3RyREcepZCDhIHMMCZxsWtXXhBNo4w),,Content ready
為什麼吃飯後立即刷牙，牙齒感覺軟軟的？,"為什麼吃飯後立即刷牙，牙齒感覺軟軟的？
你有冇試過，飯後一刷牙，牙齒好似冇咁硬？其實，進食特別是酸性食物時，口腔pH值會下降，牙齒表面的牙釉質會因為酸蝕而開始脫鈣、變軟。這時候牙齒表層並未完全恢復正常硬度，所以刷牙時容易有「軟軟的」感覺。
想知更多日常護齒小知識？Follow ReConfiHK！
#ReConfi #陶瓷牙貼 #口腔健康",1.png (https://v5.airtableusercontent.com/v3/u/43/43/1752897600000/5lEK1yDKXhoti1otVRsJnw/pHtm9q1aMqr_Nj7aB1UWSg4ECel3FlLTYiNm-XICl1iVt3_kwuxklTKg2y9qaYH9IDrhuftWqPSuxmgEt9Nnu6CwQNY72-ZXes7U8HVSmUh-kBDJlbgcFOOAoJJf_D5_QuPPhkl_EsDB0RbESnlAJQ/4dbLhM_lsyRI7JuV5-RAhgl27vhOo6uY-rkOFWtCgls),,Content ready
脫鈣狀態下刷牙，容易將這層保護刷走,"脫鈣狀態下刷牙，容易將這層保護刷走
其實，食完飯後牙齒表層會因為酸蝕而處於脫鈣、變軟的狀態。如果呢個時候立即刷牙，好容易會將原本已經變軟的牙釉質刷走，令牙齒表層失去保護，更易受損。專家建議，飯後最好等30分鐘以上先刷牙，等牙齒有時間自然再鈣化、回復硬度，咁先可以真正保護到牙齒健康。如果你平時都會留意護齒習慣，不如follow ReConfiHK，學多啲專業貼士，令笑容更健康自然！
#ReConfi #陶瓷牙貼 #健康貼士",2.png (https://v5.airtableusercontent.com/v3/u/43/43/1752897600000/zeyJuT07ehxjk4ji1fFJSA/GTxyOFsGFSREcgd5T7YaHKmAeiI6yzx8q5ohEd1e2DLOc1hj_SxSy3sH-CtCDpiw0Iccqh1mWzIXnbRcAu2-Uz-za7ehhqLHRafzWVXJmM20eBNOCE0yr7cnCeJwKxM-_2u2QQya2L1ybooFuFz9aQ/YaTJeS4ChHAMXXXf3KyiEKy_5bo-PlMDNZIEa62tnJw),,Content ready
失去東西的速度（牙釉質脫鈣）永遠比得到的快（再鈣化）,"失去東西的速度（牙釉質脫鈣）永遠比得到的快（再鈣化）
牙釉質脫鈣（流失礦物質）的速度，往往比再鈣化（重新補充礦物質）快得多。這就是為什麼專家建議，飯後應該等30分鐘以上才刷牙，讓牙齒有時間自然恢復硬度，減少刷牙對牙釉質的損傷。記住，保護牙齒，唔好心急！如果你想收到更多護齒貼士，記得save呢篇post或者tag朋友一齊學！
#ReConfi #陶瓷牙貼 #生活美學 #健康微笑",3.png (https://v5.airtableusercontent.com/v3/u/43/43/1752897600000/CoqQ7e5dG-PEMe9N3hLeXg/gv0_vmOTh_I1hEaFZ6BNk2o2XfgTTYqxXOMf98QcT04atIHhrIP7oBuOXQio5TdVpOi-OYY9-5zLJOqV31URWfJIqkBmAQIc5fp3iO7Szd7PAiuvhS7arW5Q6lWYjmhLsmh03yPeTICLA6rSKkQokg/OOEcOuuJbMx1dVJk_aB_FreAdvzuEiiKjNSs8JNuWYo),,Content ready
你有冇試過網上流傳的美白牙齒偏方？,"你有冇試過網上流傳的美白牙齒偏方？
網上成日見到各種「神奇美白牙齒偏方」，例如用檸檬汁、食醋漱口、鹽或者小蘇打刷牙，甚至DIY速效美白貼片。呢啲方法聽落好吸引，但其實唔單止冇效，仲有機會傷害牙齒表層，令牙齒變薄、敏感，長遠反而更易變黃。#ReConfi #陶瓷牙貼 #健康美齒

",7月10 RCS 你有冇試過網上流傳的美白牙齒偏方？ 拆解美白牙齒偏方 健康美白，先係長遠之道.mp4 (https://v5.airtableusercontent.com/v3/u/43/43/1752897600000/fgtKrPlODjwEqj-l4qIqgQ/B-Mw4xGIWMt4TJ_M87GvS_gm1Hzob77TJtKnQ6ggQyBukVPOBGT9Nxhwqc4ViFZ6NR8Q_lYC9usspN8cjJBayarueCEaJbv6hHMbRgeudfTFk-imuGSfmFp8BhQeKiVJCGMGnxsfsqI-r8Aw4PakE8rriPU-MQCagNElLyCv5g8/1JbPU03SU2EneaF9DJHrMlxhcwtsFlI3jIjiYkq05-8),,Content ready
拆解美白牙齒偏方,"拆解美白牙齒偏方
點解坊間偏方信唔過？其實用酸性物質（如檸檬汁、食醋）會腐蝕牙釉質，鹽同小蘇打雖然可以去污，但屬於強摩擦劑，長期用會磨損牙齒表層。DIY美白貼片成分不明，濃度過高更易令牙齦紅腫、敏感。專家建議：美白牙齒應選擇經牙醫評估的專業療程，唔好亂試坊間偏方，否則得不償失。如果想知正確美白方法，可以DM我哋查詢！#ReConfi #陶瓷牙貼 #生活美學",7月10 RCS 你有冇試過網上流傳的美白牙齒偏方？ 拆解美白牙齒偏方 健康美白，先係長遠之道 (1).png (https://v5.airtableusercontent.com/v3/u/43/43/1752897600000/HXs-bY_EdiRNqUwn3iXFHA/kxaAfPMsuZtQ_73tQEN4hVwL5DEU8ZB5HBaYXje1zKTTt_y0J1rqf7ZnaBLl_-djrT5heiJmXAtAiSMs0uoJHCAApB4PCffCV21KuNev7VANQYHJjBfv4eAm0h9n6ejZbmOJ7xmTcLEsMFzjgzRMEVKs6gcXOlnevUStjj6qUuQ/52fRTM5svLoHa2alAkYm3sgnIDkrayJvZLg66tX-q_4),,Content ready
健康美白，先係長遠之道,"健康美白，先係長遠之道
最有效嘅美白方法，係定期洗牙、保持良好口腔衛生，配合專業牙醫建議。唔好貪快亂用偏方，反而傷害咗牙齒就得不償失。健康美齒，靠日常護理同專業方案，先可以長期保持自信笑容。如果你想了解更多護齒貼士，記得follow ReConfiHK，守護你嘅自然美！#ReConfi #陶瓷牙貼 #健康微笑 #專業護齒",7月10 RCS 你有冇試過網上流傳的美白牙齒偏方？ 拆解美白牙齒偏方 健康美白，先係長遠之道.png (https://v5.airtableusercontent.com/v3/u/43/43/1752897600000/hvt76WKvlMtlmxzS369AIA/DrCXss_wRNW4aHvFpmBPI-jKrJefqbOuuMVmCA35KGQLTQ69Ieef7FhuOe95BQr_-YOcCyWS99gJOgZ0MDr0364RjAt-WMHeuuBYA5iJ78F1M3j5mjeugwDHqPtf9jMU9OHwcb1G77s8HCwXWSMNG8oYxEx-wGXxnqWXEumvJCk/wMpAgVJM5cUA6rTc-bV4BIcFJb5p2MpKzLc2l9dUrjU),,Content ready
飲凍飲牙齒突然刺痛，你有冇試過？,"飲凍飲牙齒突然刺痛，你有冇試過？
有冇試過飲凍飲、食雪糕時牙齒突然刺痛？明明平時冇事，但一遇到冰凍就即刻唔舒服。其實牙齒敏感係好常見嘅現象，未必一定係大問題，但都唔可以忽視。你有冇同樣經歷？#ReConfi #陶瓷牙貼 #牙齒敏感",1.png (https://v5.airtableusercontent.com/v3/u/43/43/1752897600000/DKV6p8skHeGaMnzYolWirw/ebh9ohLDnoKgDoJZ6s2Gs7KHGwCAv6HLZ8Oa0kteeagR_lvEguTtN-CJtLjMIOft0lH4MO67V4Zv9-07LL89ACe6Rqex_-xHq7B0YgyN1EeCZpfHCXeGfOTXgrpWxP2IBSRjeQvFoTDMOY1ORh4XPQ/Pw5ZTV-An5UNh0ThJQ3J5ISRQUFCfw7nBTk839WEZl8),,Content ready
牙齒敏感成因大拆解,"牙齒敏感成因大拆解
牙齒敏感好多時都係因為牙釉質磨損、牙齦退縮或者牙本質外露引起，亦有可能係因為刷牙太大力、用錯刷牙方法，或者長期食酸性食物、過度美白、夜晚咬牙等習慣，令牙齒變得愈來愈脆弱。想真正解決敏感問題，最重要係搵專業牙醫檢查，了解敏感背後嘅原因，再對症下藥。千祈唔好亂用坊間「止敏感」偏方，否則只會越整越嚴重。如果你想知道點樣護理敏感牙齒，歡迎DM我哋，等你可以安心享受每一口美食！
#ReConfi #陶瓷牙貼 #健康貼士",2.png (https://v5.airtableusercontent.com/v3/u/43/43/1752897600000/A2n_B7f65KVWp35Ixe4WIw/FCBvjj_8UGndqc7LKRLH_c6giKqboYt9tghsoNobd6tS-rKW8XaSlBsM6kl26A9LaPAbqv_IfnQL_cO_gnrYjW8lDDY4xDfosmmPgMH8p-ewKCY_s07CKkjp3nXU3shQWnfjAiF31o_DzBo4_zR-yQ/oIm7Th8U2SoMxhbC3RQnZqHlSp256tW4mXbyaVSujsc),,Content ready
敏感牙齒都可以擁有自信笑容,"敏感牙齒都可以擁有自信笑容
牙齒敏感唔代表你要放棄自信笑容！只要揀啱護理方法，配合專業治療，敏感牙齒都可以變得健康又自然。記住，及早處理敏感問題，唔止令你食嘢更自在，仲可以守護你嘅笑容同生活質感。Follow ReConfiHK，學多啲護齒貼士，令笑容更無顧慮！#ReConfi #陶瓷牙貼 #自信笑容 #健康生活",3.png (https://v5.airtableusercontent.com/v3/u/43/43/1752897600000/Uwg8Na3XPEnn6HsKL7hNrQ/N_JHLuKNIOFuBT8RcwdetDnQMQ9kn8w8deMjs0BtjJ0pXx5BSO_aTxD_D30cA96zVgKe5nQnTC-V25EXvDQLZNGZQLEF-y0_-a4mb8NPa-KBsTXJRyHMPBsq-mLnZGbFt0KQ-_GbhumP8AOY_Izm5A/3a6TcshYH9L2uDQrXjq7rcO1krpKAD2tgp89mE7qJ3Q),,Content ready
笑容可以增強對方對你嘅第一印象,"
你有冇發現，第一次見面時，對方嘅笑容會直接影響你對佢嘅感覺？無論係面試、約會定同朋友聚會，一個自然自信嘅笑容，總會令人覺得更親切、更易傾計。其實，笑容唔止係外表，仲係你傳遞友善、可靠感覺嘅關鍵。#ReConfi #陶瓷牙貼 #第一印象",1.png (https://v5.airtableusercontent.com/v3/u/43/43/1752897600000/ZlyltA9mY_8MrA_nOLhD8g/p9orIFFKBghzJSYW7UbGdMmf-mE40hr78aMwuj2QPCjeK8sToMavUY-FqB_tx6WQMDJ_79UtJYHx_Fhwb72LbjzWDu3J6Aoyi1HK2ais3J65Rb1nZeKOlaYJ-V9dzM_ffJYhnMzOqDC6XpW9Qq4W_g/0RPNznqtLcixKeveeCWsEf21hffo_fgN0ILLMI2dSWY),,Content ready
研究話你知：笑容點樣影響人際關係？,"
根據心理學研究，有自信笑容嘅人更容易獲得信任、被認為有親和力，甚至影響合作同人際互動。你嘅笑容可以令身邊人更樂意主動接近你、同你建立關係。其實，簡單一個微笑，已經可以為你打開好多新機會。你有冇試過因為笑容而認識新朋友？#ReConfi #陶瓷牙貼 #人際關係",2.png (https://v5.airtableusercontent.com/v3/u/43/43/1752897600000/SbHUEKlEzzdU90TzZgSP-g/f41FxIk-co6tn8-W_dnUJgPs3zXyrT8QXe0sk7NgXBNe3RRrmZhc1KzRr-wwgmy4AeUT2_nV-Uz_5vQigBH9-uKGmaY9b2XFjVa1ISL9hmpHGS7y0j2BN2-IdoEOQNkiWrcKFVRmH58T0vJVYvlu1Q/iA4NnMDad3hg-G-Co_bn1i8og5o6YKJG83gaMZ0Nao8),,Content ready
自信笑容，係送俾自己同身邊人最好嘅禮物,"
自信笑容，其實係送俾自己同身邊人最好嘅禮物
有時候，笑容唔單止令自己開心，仲會感染身邊人，為大家帶來正能量。自信笑容係一種生活態度，無論你係咩年紀、咩背景，都可以由今日開始練習。想學更多提升笑容自信嘅小貼士？記得follow ReConfiHK，一齊發掘屬於你嘅魅力笑容！#ReConfi #陶瓷牙貼 #自信笑容 #生活美學",3.png (https://v5.airtableusercontent.com/v3/u/43/43/1752897600000/IfYAB16AJYCf_P2udPgzLw/vl4gqQFzjHIHwoDHJoIWOVIycOLnroR2Ec23BfdSj8DP25e2AgO6aFqrgVH9pt7oZv4qUrAeBw3yutxxSe5Ifa3Eb3UbMyASY7eRPjfr-QS96hM3RWsrsgBSqgDQ4w8RjzDMoW0Yo3RtfHxvCjPx5g/uSSbgcyhNePNB3aRRQhg09tSN8O09U08xJH4Wth2kC4),,Content ready
唔健康嘅牙齒點樣影響你嘅日常,"唔健康嘅牙齒會令你食嘢唔自在，咬嘢痛、敏感，連講嘢都會怕尷尬。日常生活中，你可能會避免大笑或同人近距離溝通，影響自信心同人際互動。長遠更會拖低生活質感，令你快樂感減少。
#ReConfi #陶瓷牙貼 #自信笑容",2.png (https://v5.airtableusercontent.com/v3/u/43/43/1752897600000/UPId0lCJd0gL1zQGS3bXGA/Slrai8yGlwmePXQcl-cmnYftEqmkH4zyxcQ-zP2QUtea11ogGPMaABz92Hi8w8OtfKSXNcCd0lYih9RsAyS78otHTiK7mvwgAa9IIxIDRpNPhleoP6XolsPfh9H6bIwADI8BG5i2YdzcnFnmGRB5Kg/F6OUWioz1qQWMeYvvwcunFlrCAkaJMSJGCl-9TPbQ3g),,Content ready
照顧牙齒，就係照顧自己,"
照顧牙齒，就係照顧自己
照顧牙齒，其實就係對自己最好嘅投資。每日簡單嘅護理習慣，例如定期洗牙、用啱嘅牙刷牙膏、飲食均衡，都可以幫你守護健康同自信。健康牙齒唔止令你笑容更加自然，仲會提升生活質感同幸福感。記得，守護笑容，就係守護你嘅每一日！
#ReConfi #陶瓷牙貼 #自信生活 #健康投資

",3.png (https://v5.airtableusercontent.com/v3/u/43/43/1752897600000/ncQmC7w4WSCJ-Vf96SL55Q/4PhD7Fc8JHuYgICesY_TuHx_vLlyym44qCpF0EvcfqSd8JstahwUN1cbSpzDx6c21vPHigX30UzGl3fOzxQgfORPBBvGvNmwtZmHFY-OznF8xvVUtx2_R3Hsv9h19DDkMNdIsw3zRoAbhTVp4czd2Q/iEh5tBwOXiTdk5DrSvHBRpBy61_4tl_RyrbFHeDmsXs),,Content ready
牙齒健康，影響唔止係外表咁簡單,"
牙齒健康，影響唔止係外表咁簡單
你有冇諗過，牙齒唔健康唔單止影響外表，仲會影響你成個人嘅精神狀態？牙痛、牙周病、口氣問題，唔止令你唔敢笑，仲會影響你講嘢、食嘢，甚至心情都會變差。其實，牙齒健康係生活質感嘅基礎。#ReConfi #陶瓷牙貼 #牙齒健康",1.png (https://v5.airtableusercontent.com/v3/u/43/43/1752897600000/CcD9zzWA-uRWAZzTiHV93A/J4WbYTWTfQtcF2t7eeNIWbAXljAUrfwMYOjlYzIUn5J8yJNrdaB62iK1t_LT2MXJKQYelOoE4ZQwVDULNlVXp5JSCsq2Q9RJ7lt1AvtfsLQ2Axfu-3ZUPUYEW2_6rj_yJV5maIa33tnTCTUTbMFQyg/CbhqGKwcUtMmr5evBELTGHv7-DE76kZbWkMnKhYJ2wM),,Content ready
牙齒使用說明書，不要「這樣」使用你的牙齒,"牙齒使用說明書，不要「這樣」使用你的牙齒
牙齒係咬食物用，唔係開啤酒、撕包裝、咬指甲、夾住支筆。
你覺得自己夠man，夠方便，夠習慣——但你啲牙日日都記住緊你點樣對佢。
🦷 一啖冇事，兩啖微裂，三啖崩角，一世冇得補。",1.png (https://v5.airtableusercontent.com/v3/u/43/43/1752897600000/mQg5Lr39MRuYmGaSORON7w/qKS433EY1A-rmkMdtt-wDFbvr5KQGhQ-uZGYpEDxpO6ucyQMQ9tItYCCy0fvqnVWX1EJrenTTBUF8Qw422tyUSq2KwpiIohPpAuirSm4Nf8YIplUnOSI4H-g7hWArIDov12IRDfcqJ9C1Egtr3QJ6Q/7WDykRlE2fKebSrhk_hGGvBrnsJvezJeWg1PPza2D1k),,Content ready
3個默默傷害牙齒嘅壞習慣,"1. 咬硬嘢
咬冰、開樽蓋、咬指甲、用牙齒扯開包裝，都會令牙齒出現裂痕，甚至折斷，增加感染風險。

2. 食完、飲完嘢立即刷牙
特別係食完酸性或碳酸飲品後，牙齒琺瑯質會變軟，如果即刻刷牙，會將琺瑯質刷走，令牙齒變脆弱。

3. 太用力刷牙
以為刷得大力就乾淨，其實會磨損牙齦、令牙齒敏感、牙齦萎縮。正確係用柔軟牙刷、輕力打圈清潔。

你有冇做緊呢啲壞習慣？改善小細節，先可以真正守護牙齒健康！#ReConfi #陶瓷牙貼 #健康貼士",2.png (https://v5.airtableusercontent.com/v3/u/43/43/1752897600000/7tltOr3cQDr8A7j04G-Oag/pLilFPNkIb3FLxpLDOSmipe0uqwur16e6alJ78wHVis_vbG9eMMlE-yq92Zxj6mlq5bo2PzD1gnY6gAL5NcKz7nOgS2bqt_IAHRN6tZc0KHgt8FrGOzh0A8CgqD9NpywUSyp4y6LCcRoGqjM1Tkt7Q/ZNgC36gDQCJqkCZutGf0fAECU8y5Q0ZJcPn5LgHbwEE),,Content ready
牙只有一副，請好好愛惜,「牙齒無得換，用一世㗎！」守護牙齒，唔止影響你嘅飲食、笑容、社交，仲會影響自信同生活質感。簡單嘅護理習慣、定期檢查、遠離傷牙習慣，就係對自己最好嘅投資。今日開始改變小習慣，等你嘅笑容靚得健康又自然！Follow ReConfiHK，學多啲護齒貼士，為健康把關！#ReConfi #陶瓷牙貼 #自信笑容 #人生投資,3.png (https://v5.airtableusercontent.com/v3/u/43/43/1752897600000/jBfFEVVJNqzb6iFbY0VUrw/tcPlOoNts7oYWs5JFMtOCXvO1bBRiS0XVRvle_OoCkCgHuqO4-_Dg839nymnN1NSKCHG2HliO7CZQ7jeO_abHVmY5fvgPdOOtSVTlwR1sWD0YFSV8-oRs8WYtDKI4Lon08-LwWgalqjIv5RfzOpJeA/_8Rf0ab232aY-kM5Ebf0dOhfG40An__uyp-WmMrCpY0),,Content ready
原來牙齒大細可以反映好多性格特質,"原來牙齒大細可以反映好多性格特質
你有冇留意過自己或身邊人嘅門牙大細？傳統智慧話，原來門牙嘅大細同埋形狀，會反映出唔同嘅性格特色。有人大門牙顯得豪爽，有人細牙顯得靈巧，每種笑容都展現出唔同嘅人生態度。
#ReConfi #陶瓷牙貼 #自信重新 ",1.png (https://v5.airtableusercontent.com/v3/u/43/43/1752897600000/qgCiLlwQIanSgOJl4NWbdw/Bgv4tfkZAZSCuX72Qy8AFbungHEBJcMyZxLEm6sC_FinaNEKQTBrvlHdHl7L5Cwfrix3GnYQq-RJ11_7wq7lxkMrH4oLqz0jldLOezt5q3acIrAj4RVk2oizD2-L3iz4dQa-z9v4pw2ToWc_4t6fXA/tdrBCLktdIsRXoUeV_EhIV06ZAVz_Me-le3KFy06I5o),,Content ready
齒為骨之餘，牙齒同骨頭生長有關,"齒為骨之餘，牙齒同骨頭生長有關
面相學認為牙齒源自骨，係「骨骼之美」。你有冇諗過，牙齒大細同埋形狀，其實都係由成長規律同埋健康底蘊所影響？牙齒偏大嘅人，通常骨架都比較結實、成長穩定；牙齒細細粒，可能代表身體發育比較敏感細膩。無論你屬於邊一款，都係你成長紀錄的一部分。你覺得自己係邊種？留言話我知！

",2.png (https://v5.airtableusercontent.com/v3/u/43/43/1752897600000/5ER0biOhCKCa0Kt4oEVjXw/18L1gUFwzeELI0eSCZFiBI1K6UkcytIMAfi1iQDodzu8kwGMMvtJjkqIUHFGogD8DDj8v05Hfqymtx-V68k6h7td7u6pekVver-mK2h1CL63az6vJo3J3XaRtDOGHRuVCCUlMyrujU0UKzi7Uo3hTA/gg46_1_h90eldKUnsXPA2k_s4HbcGlCZjFX9_o1hyHY),,Content ready
大牙心性穩定，細牙機警靈巧,"大牙心性穩定，細牙機警靈巧
大牙通常代表踏實穩重，細牙往往象徵靈活機智。無論你屬於邊一種，欣賞自己嘅笑容，自信最靚！#ReConfi #陶瓷牙貼 #牙齒面相 #自信笑容",3.png (https://v5.airtableusercontent.com/v3/u/43/43/1752897600000/hwnrA3JPxxMO02Ctqd_fRA/mPBkhOtdUfJeVxN8sKyH0z8GgtPu0RgavCHNsHlmT3QxeK3yhFIZBvdwdwEKvpb0Guq1EhXcsIDdpy-oh9seRM7AC40jHERqmubc6aqXFjxysgr1ddMentiedfC8yApOq9yecwbU_SNdbscOCE6krQ/QcdSlYqS03w5FSEgMroEjbU1iDMjgIPa-HOOmDQpCVE),,Content ready
日常護齒小貼士（Oral Care Tips）,"🪥【日常護齒小貼士】🪥
#護齒日常 #健康生活 #口腔小知識
想牙齒健康又靚，日常護理真係唔可以馬虎！以下幾個簡單實用嘅小貼士，大家一定要記住：
✨1. 每日刷牙兩次，唔好懶！
朝早起身同臨訓前各刷一次，尤其夜晚臨訓前最重要，可以清除一日積聚嘅細菌同牙菌膜https://www.healthline.com/health/dental-and-oral-health/best-practices-for-healthy-teethhttps://www.bupa.co.uk/dental/dental-care/news/daily-essentials-for-better-oral-healthhttps://www.cigna.com.hk/zh-hant/smarthealth/medical/6-simple-quick-ways-to-keep-your-teeth-white-and-healthy。
✨2. 用正確方法刷牙
記住用溫和圓圈動作刷牙，每次大約兩分鐘，確保每個牙面都刷乾淨，唔好只係來回刷幾下就算https://www.healthline.com/health/dental-and-oral-health/best-practices-for-healthy-teethhttps://www.gov.uk/government/publications/delivering-better-oral-health-an-evidence-based-toolkit-for-prevention/chapter-8-oral-hygiene。
✨3. 揀含氟牙膏
無論咩品牌，最緊要有氟化物成分，可以有效預防蛀牙同加強牙齒保護層https://www.healthline.com/health/dental-and-oral-health/best-practices-for-healthy-teethhttps://www.bupa.co.uk/dental/dental-care/news/daily-essentials-for-better-oral-health。
✨4. 每日用牙線清潔牙縫
牙刷刷唔到牙縫，牙線就幫到手，可以預防牙周病同牙石積聚https://www.healthline.com/health/dental-and-oral-health/best-practices-for-healthy-teethhttps://www.listerine.com.hk/mouth-coach/oral-health-routineshttps://www.cigna.com.hk/zh-hant/smarthealth/medical/6-simple-quick-ways-to-keep-your-teeth-white-and-healthy。
✨5. 定期更換牙刷
建議每三個月換一次牙刷，刷毛磨損咗清潔力會大減https://www.cigna.com.hk/zh-hant/smarthealth/medical/6-simple-quick-ways-to-keep-your-teeth-white-and-healthy。
✨6. 少食糖、少飲酸性飲品
糖同酸性飲品會侵蝕牙齒琺瑯質，容易引起蛀牙，飲完記得用清水漱口https://www.healthline.com/health/dental-and-oral-health/best-practices-for-healthy-teethhttps://www.bupa.co.uk/dental/dental-care/news/daily-essentials-for-better-oral-healthhttps://www.cigna.com.hk/zh-hant/smarthealth/medical/6-simple-quick-ways-to-keep-your-teeth-white-and-healthyhttps://www.jnj.com/health-and-wellness/9-tips-to-boost-your-oral-hygiene-routine。
✨7. 多飲水，保持口腔濕潤
飲水可以沖走口腔細菌同食物殘渣，減低蛀牙風險https://www.healthline.com/health/dental-and-oral-health/best-practices-for-healthy-teethhttps://www.jnj.com/health-and-wellness/9-tips-to-boost-your-oral-hygiene-routine。
✨8. 定期睇牙醫，半年至一年檢查一次
早發現早治療，預防勝於治療https://www.healthline.com/health/dental-and-oral-health/best-practices-for-healthy-teethhttps://www.bupa.co.uk/dental/dental-care/news/daily-essentials-for-better-oral-healthhttps://www.cigna.com.hk/zh-hant/smarthealth/medical/6-simple-quick-ways-to-keep-your-teeth-white-and-healthy。
小貼士：
護齒要由日常做起，簡單習慣堅持落去，牙齒自然健康又有自信笑容！
#健康牙齒 #護齒貼士 #生活美學",,,Ideation
🦷 陶瓷貼片材質大比拼｜點揀最啱你？,"🦷 陶瓷貼片材質大比拼｜點揀最啱你？
玻璃陶瓷 vs EMAX vs 藍瓷｜專業解析
想做陶瓷貼片但唔知點揀材質？市面上咁多選擇，每種都有獨特優點。今次為大家拆解三大熱門材質，幫你搵到最適合自己嘅選擇！
🔸 玻璃陶瓷（IPS Empress CAD）
• 特點：通透自然、性價比高、適合日常美學修復
• 適合：預算有限但追求自然效果嘅朋友
• 優勢：入門首選，效果已經好自然
🔸 EMAX二矽酸鋰瓷（IPS e.max Press）
• 特點：強度高、厚度極薄、耐用度高
• 適合：追求自然美感同時要求耐用性
• 優勢：最受歡迎，外觀接近真牙
🔸 藍瓷（IPS e.max CAD藍瓷）
• 特點：色澤偏藍、遮瑕力強、光照下特別突出
• 適合：需要遮蓋深色牙齒、追求明星級亮白
• 優勢：深受藝人網紅喜愛
記住，揀貼片材質唔好只睇價錢，要根據自己牙齒狀況、外觀需求同預算，搵專業團隊度身訂造先最重要！
想了解更多材質詳情？留言【材質】或DM我地，專業團隊為你免費諮詢！
#陶瓷貼片 #牙齒美學 #自信笑容 #ReConfiHK #專業諮詢",,,Ideation
牙齒美學冷知識：「你知道牙釉質其實比骨頭還硬嗎？」,"https://www.canva.com/design/DAGqOjPdP7E/_BcQi5GDAxlZJ2sQsKy95Q/watch?utm_content=DAGqOjPdP7E&utm_campaign=designshare&utm_medium=link2&utm_source=uniquelinks&utlId=hd9eb83d884
🦷【牙齒美學冷知識｜你知道珐瑯質其實比骨頭還硬嗎？】🦷
#牙齒冷知識 #健康美學 #生活科普
你以為人體最堅硬嘅部分係骨頭？其實，真正「最硬」嘅冠軍係牙齒最外層嘅牙釉質！
珐瑯質主要由羥基磷灰石組成，硬度達到莫氏6~7，比骨頭（莫氏3~4）硬得多，甚至可以媲美石英。
-
有趣嘅係，珐瑯質雖然超硬，但都比較脆，所以千祈唔好用牙齒開啤酒樽或者咬硬物，否則一樣會崩裂。
-
珐瑯質咁硬，主要因為裡面95%以上都係無機礦物質，排列得非常緊密，好似城牆咁保護住牙齒。
-
但要注意，珐瑯質一旦受損係唔可以自然再生，所以要好好保護，避免過多酸性飲品、過猛刷牙或者咬硬物。
-
小貼士：
每日用含氟牙膏、選用軟毛牙刷、飲食均衡、定期睇牙醫，幫牙釉質keep住最佳狀態，守護你嘅健康笑容！
#珐瑯質 #人體最硬 #牙齒護理 #微笑設計",,,Ideation
牙齒美學設計流程大公開（Smile Design Process）,"🖼️【牙齒美學設計流程大公開】🖼️
#微笑設計 #數位美學 #自信笑容
打造專屬自然笑容，其實每一步都好有科學根據同專業工藝。以下係ReConfi專業陶瓷貼片療程嘅完整流程，等大家清楚了解點樣由諮詢到擁有理想笑容：
✨1. 諮詢評估
首先會有專業諮詢，詳細了解每位客人對笑容嘅期望、面型、五官比例同個人風格，評估牙齒健康同適合度。專家會解釋唔同貼片材質、效果同預算選擇，協助制定最啱自己嘅方案1。
✨2. 付款預約 & 設計選色
確定療程後，會安排付款及預約療程日子。專家會根據面型、膚色、個人喜好設計貼片形狀同選色，確保笑容自然和諧1。
✨3. 備牙印模（1.5-3小時）
進行微創備牙，只移除最少牙齒組織，保留健康結構。再用數位口內掃描或專業印模收集精準數據，為後續貼片製作打好基礎1。
✨4. 製作貼片（10-14天）
所有數據會交由經驗豐富嘅美學技師，利用最先進科技同歐洲高質材料，精細製作專屬陶瓷貼片。每片貼片都根據個人設計度身訂造，確保外觀自然、耐用又易保養1。
✨5. 試戴調整 & 固定貼片（0.5-1小時）
貼片完成後會安排試戴，專家會細緻調整顏色、形狀、咬合，確保同真牙完美貼合。確認滿意後即場用專業美學黏著劑固定，笑容即時煥然一新1。
✨6. 盡情享受 & 後續護理
完成療程後，會提供詳細護理建議，定期檢查同保養，令笑容持續亮麗健康。高質陶瓷貼片可維持5-20年，真正做到長期自信投資1。
小貼士：
選擇專業團隊同高質材料，唔單止係外表改變，更加係自信同生活質素嘅提升。自信重新，由微笑開始！
#陶瓷貼片 #專業流程 #生活美學 #ReConfi",,,Ideation
牙齒美學「前後對比」大揭秘（Before & After）,"🦷【牙齒美學「前後對比」大揭秘】🦷
#BeforeAfter #自信微笑 #專業美學
想知牙齒美學療程有幾大分別？一齊睇下真實「前後對比」案例，了解點解愈來愈多人選擇高質陶瓷貼片，重拾自信笑容！
為什麼要做牙齒美學？
• 牙齒色素沉澱、齒色不均
• 門牙崩缺、牙縫過大
• 牙齒排列唔齊、形狀唔理想
• 牙齒表面有補綴痕跡或磨損
Before：
• 牙齒顏色偏黃或有黑漬
• 門牙形態唔整齊，比例唔協調
• 牙縫過大或有「黑三角」
• 微笑線唔流暢，影響整體氣質
After：
• 陶瓷貼片修正齒色，笑容即時亮白自然
• 牙齒形狀、長短比例度身訂造，和面型完美配合
• 牙縫收細，「黑三角」消失，整齊又自然
• 微笑線順滑，整體氣質提升，自信大增
陶瓷貼片點解咁受歡迎？
• 最新科技製作，厚度只有0.2mm，外觀自然通透1https://www.smile-dental.tw/knowledgebase/id=4408
• 高硬度、耐用，正常護理下可維持5-20年1https://celebritydentist.com/zh/%E7%89%99%E7%A7%91%E8%B4%B4%E9%9D%A2%E6%9C%AF%E5%89%8D%E6%9C%AF%E5%90%8E/
• 最少磨牙，保留最多健康齒質1https://www.smile-dental.tw/knowledgebase/id=4408
• 可針對個人面型、五官比例、風格度身設計1
真實案例分享「原本牙齒顏色唔均，門牙有缺角，笑都唔敢大聲。做完陶瓷貼片之後，笑容變得自然又自信，連同事朋友都話我精神咗！」
「本身牙縫大、牙齒唔齊，做完貼片後，笑容即時變得整齊亮白，影相再唔使修圖！」
小貼士：
每個人情況都唔同，專業醫生會根據實際需要，建議最啱自己嘅方案。選擇高質陶瓷貼片，唔單止為咗靚，更係長遠投資自信同生活質素1https://www.smile-dental.tw/knowledgebase/id=4408https://celebritydentist.com/zh/%E7%89%99%E7%A7%91%E8%B4%B4%E9%9D%A2%E6%9C%AF%E5%89%8D%E6%9C%AF%E5%90%8E/。
#陶瓷貼片 #美學前後對比 #重拾自信 #ReConfiHK",,,Ideation
✨ 笑容可以改變人生｜牙齒美學與自信的神奇連結,"✨ 笑容可以改變人生｜牙齒美學與自信的神奇連結
一個自信笑容，點樣影響你嘅整個人生？
你有冇試過因為牙齒問題而唔敢大笑？其實牙齒美學唔止係外表咁簡單，更直接影響自信心、職場發展、人際關係同生活質素。
💫 為什麼笑容咁重要？
研究顯示，擁有自信笑容嘅人更容易：
• 在面試中脫穎而出
• 建立良好人際關係
• 提升職場表現
• 增強個人魅力
💫 牙齒問題點樣影響自信？
• 避免露齒笑，錯過表達真實情感嘅機會
• 社交場合變得被動，影響人際網絡
• 自卑感加重，影響心理健康
• 職場發展受限，失去升職機會
💫 美學療程帶嚟嘅改變
透過專業陶瓷貼片：
• 重拾自然燦爛笑容
• 提升自信同個人魅力
• 改善社交同職場表現
• 享受生活每個美好時刻
真實案例：好多客人分享，做完貼片後唔單止外表改變，連性格都變得更開朗、更願意參與社交活動，人生質素大大提升！
準備好重拾自信笑容？留言【自信】預約免費諮詢，讓專業團隊幫你設計專屬笑容！
#自信笑容 #牙齒美學 #人生改變 #ReConfiHK #重拾自信",,,Ideation
💒 婚禮前做貼片｜影相終於唔使再遮嘴,"💒 婚禮前做貼片｜影相終於唔使再遮嘴
人生最重要一日，值得擁有最完美笑容
婚禮係人生最重要嘅時刻之一，每張相片都會成為永恆回憶。如果因為牙齒問題而影響婚紗照或婚禮當日嘅笑容，真係會留下遺憾。
💎 點解新娘都選擇婚前做貼片？
• 拍攝無死角：無論近鏡定遠景，笑容都自然動人
• 唔使修圖：原相已經夠完美，省時省力
• 自信爆棚：婚禮當日可以盡情大笑，享受幸福時刻
• 長久投資：貼片可維持5-20年，係一生嘅美麗投資
💎 婚前貼片時間規劃
• 3-4個月前：開始諮詢同設計，有充足時間適應
• 2-3個月前：完成貼片製作同安裝
• 1個月前：最後檢查同微調，確保完美狀態
💎 新娘貼片設計重點
• 根據婚紗風格調整笑容設計
• 配合妝容同髮型嘅整體造型
• 考慮攝影燈光同角度效果
• 確保自然和諧，唔會過份突兀
好多新娘分享：「做完貼片後，婚禮影相完全唔使擔心角度問題，每張相都係最自然嘅笑容，連攝影師都讚好合作！」
準備結婚嘅準新娘？留言【婚禮】獲得專屬婚前美學方案，讓你擁有最完美嘅婚禮笑容！
#婚禮笑容 #新娘貼片 #婚紗攝影 #ReConfiHK #完美婚禮",,,Ideation
牙科AI新科技應用（AI in Dental Aesthetics）,"🦷【牙科AI新科技應用｜未來美學診所點樣變？】🦷
#牙科AI #數位美學 #智能診斷 #ReConfiHK
AI已經徹底改變牙科美學行業，無論診斷、設計、治療規劃甚至日常管理都變得更精準、更高效、更個人化。想知2025年最新AI科技點樣幫你打造專屬自信笑容？一文睇清！
-
1. AI智能診斷與預測
AI診斷工具可以分析X光片、CBCT等影像，準確度超過90%，自動標示蛀牙、牙周病、骨質流失等問題，連細微病變都唔會錯過。
-
部分AI系統（如Pearl AI、Overjet）已獲FDA認證，能即時提供第二意見，減低人為疏漏，提升早期發現率。
-
2. 數位微笑設計（Digital Smile Design, DSD）
最新AI結合3D掃描、臉部分析同個人數據，幫你模擬多種笑容設計效果，預先睇到治療後實際樣貌https://www.teero.com/blog/cosmetic-dentistry-trendshttps://scanoai.com/ai-application-in-dentistry-transforming-modern-clinics/。設計過程可以即場微調，病人參與度高，結果更貼合個人期望。AI亦協助牙醫與技工溝通，確保設計同製作一致，提升療程可預測性。
-
3. AI驅動治療規劃與預測
AI會根據病人過往病歷、面型、牙齒排列等數據，智能生成個人化治療方案，預測正畸或美學療程所需時間及可能結果，減少trial & errorhttps://www.cmarix.com/blog/ai-in-dentistry-applications-benefits-future-trends/https://www.dentaleconomics.com/science-tech/artificial-intelligence/article/55286570/5-ways-ai-is-on-track-to-reshape-dentistry-in-2025。例如Invisalign、Diagnocat等平台，已用AI優化隱形牙套和貼面治療流程。
-
4. AI自動化診所管理
AI助理可自動處理預約、病歷記錄、語音轉錄等行政工作，減省牙醫同助護時間，提升診所運作效率。AI chatbot仲可以24/7解答病人查詢、協助緊急應變，提升服務體驗。
-
5. 3D打印與AI結合
AI協助分析口腔數據，直接生成3D打印模型，貼面、牙冠、牙套等都可以即日完成，縮短療程時間，減少傳統人手誤差。
-
6. AI早期偵測口腔癌與全身健康
AI可以分析口腔影像、唾液生物標記，協助早期發現口腔癌、全身性疾病等風險。例如Vigilant Biosciences開發的AI唾液測試，10分鐘內就可初步篩查癌症風險。
-
7. AI輔助美學設計與溝通
AI不單止提升診斷準確度，仲可以根據你的面型、膚色、個人風格，生成最適合你的微笑設計方案，令貼面效果更自然、個性化。
-
小貼士：
選擇結合AI技術嘅專業美學團隊，唔單止提升治療安全同效率，更可以享受最貼心、最個人化嘅微笑設計體驗。想了解AI美學療程點幫你重拾自信？歡迎留言【AI美學】或inbox查詢！
#智能牙科 #AI微笑設計 #未來牙醫 #ReConfiHK",,,Ideation
面相學講齒齊、齒白、唇紅為「貴相」,"https://www.canva.com/design/DAGn5G5gYBM/avDd_BYSdr7ihk5BzkaM8A/edit?utm_content=DAGn5G5gYBM&utm_campaign=designshare&utm_medium=link2&utm_source=sharebutton
面相學講齒齊、齒白、唇紅為「貴相」，其實係因為：
✔️ 齒列整齊 → 語言清晰、咬合穩定 → 影響說服力
✔️ 齒色自然 → 自然笑得出 → 傳遞親和力
✔️ 唇線對稱 → 面部協調 → 視覺上令人放鬆
再配合現代審美，我哋設計貼片唔係為咗「變樣」，
而係根據臉型比例、笑線走向、五官節奏做微調，
幫你做出一個「觀感舒服、氣場穩定、你自己都認同」嘅笑容。

📩 想知貼片設計同面相比例點樣協調？DM我哋幫你逐項拆解。
#貼片設計邏輯 #笑容與面相 #ReConfi專業設計 #齒線與氣質",,,
貼片會唔會甩？真相唔係你想像咁簡單,"https://www.canva.com/design/DAGnTzbw9oM/p01cLjyUmvdR6alkyJIyjA/edit?utm_content=DAGnTzbw9oM&utm_campaign=designshare&utm_medium=link2&utm_source=sharebutton
貼片會唔會甩？真相唔係你想像咁簡單
做貼片會唔會甩？好多人擔心，一甩就要重做，甚至以為會「飛甩出嚟」。

事實上，貼片經高溫壓製再由專用樹脂黏合，只要咬合穩定、設計精準、清潔得宜，理論上可以用十年以上。

真正會甩嘅情況，其實往往係設計失誤、黏合手法錯誤、或術後護理不足。
📩 想知道你啱唔啱做貼片？DM 預約了解你個案分析。

#貼片會甩嗎 #貼片知識 #ReConfi笑容耐用度 #陶瓷貼片可信嗎",,,
牙齒敏感唔係絕症，做貼片前應該畀醫生檢查清楚,"https://www.canva.com/design/DAGnsVQxMNs/NrzW02Ghc8ZytIbz0cU2jg/edit?utm_content=DAGnsVQxMNs&utm_campaign=designshare&utm_medium=link2&utm_source=sharebutton
牙齒敏感唔係絕症，做貼片前應該畀醫生檢查清楚
📩 想知你個情況適唔適合做貼片？DM 預約諮詢。

#ReConfi個案分析 #貼片唔止係靚 #牙齒健康先至關鍵 #笑得出又笑得舒服",,,
牙齒酸痛只係你未習慣，根據醫生指示就冇問題。,"https://www.canva.com/design/DAGn-lK6Yl8/VJzaukpbP30sj9nBsKdGjg/edit?utm_content=DAGn-lK6Yl8&utm_campaign=designshare&utm_medium=link2&utm_source=sharebutton
牙齒酸痛只係你未習慣，根據醫生指示就冇問題。

唔少人以為牙齒酸就係貼片做錯，其實唔一定。

絕大部分都只係牙齒未適應。

只要根據醫生建議護理，大部分反應都會自行回復。
📩 想知你嘅酸痛係唔係正常？DM 我哋安排醫生檢查一下。

#習慣問題唔等於壞事 #術後調整期 #ReConfi貼心提醒 #笑容需要時間",,,
齒齊齒白者，心正福厚 你個笑容，其實早就講緊你係點嘅人。,"https://www.canva.com/design/DAGn5G5gYBM/xOleOftAFlPzqcOXM7lH2w/view?utm_content=DAGn5G5gYBM&utm_campaign=designshare&utm_medium=link2&utm_source=uniquelinks&utlId=h2e65f2005a
你有冇發現，有啲人一笑就畀人一種穩陣、可信、有氣場嘅感覺？
中國面相學早就講過：「齒齊齒白者，心正福厚」。
傳統智慧可能講命理，現代睇法更簡單：整齊嘅牙齒與唇型協調，會令人容易放鬆，提升第一印象同信任感。
反過來，牙齒縫大、亂、唇線唔對稱，會畀人一種「唔齊、唔穩、未 ready」嘅感覺。
有啲嘢唔係靚唔靚，而係順唔順。

📩 想知你個笑容係唔係傳遞緊你想講嘅訊號？DM 約我哋幫你分析。
#面相與第一印象 #齒齊氣場穩 #笑容代表你嘅狀態 #ReConfi",,,
保養貼片就好似保養牙齒咁,"保養貼片就好似保養牙齒咁
你會唔會覺得，牙齒貼片只要做完就OK？其實，保養牙貼就像保養牙齒一樣重要！

很多人忽略了貼片保養，結果導致貼片表面刮花、變色，甚至提前脫落。事實上，透過正確的保養，牙貼能夠維持多年的光澤與健康。
如何像保養牙齒一樣保養牙貼？
1. 定期清潔：就像我們每天刷牙一樣，牙貼需要清潔。使用柔軟毛刷清潔貼片表面，避免用力過大。
2. 定期使用牙線清潔牙縫：牙縫是細菌最容易滋生的地方，使用牙線清潔是必須的。
3. 定期進行專業潔牙檢查：定期去牙醫處檢查，避免積聚牙垢或細菌，保持牙貼效果。
📌 好好保養你的牙貼，令佢像牙齒一樣持久健康！
📩 想知道更多如何保養牙貼的小技巧？DM我們，專業解答等你來詢！
#ReConfi #ReConfiSmile #牙貼保養 #陶瓷貼片 #微笑設計 #牙齒保養 #貼片護理",,,
"牙肉萎縮最大原因竟然係刷牙手勢？
牙肉退縮唔一定係年紀大、牙周病，有時只係——你刷牙太大力、方向錯。

刷牙唔係刷馬桶，「左右拉鋸」只會刮蝕牙齦，令牙肉越縮越高。

牙肉一縮，牙根外露，敏感、牙縫大、牙黑都會跟住嚟。
📩 想知自己刷牙係咪用錯力？下一篇話你知正確方法。

#reconfi #reconfismile #牙貼 #陶瓷貼片 #牙黃 #牙齒敏感 #牙黑 #笑容無價 #牙縫 #自信 #牙肉問題","牙肉萎縮最大原因竟然係刷牙手勢？
牙肉退縮唔一定係年紀大、牙周病，有時只係——你刷牙太大力、方向錯。

刷牙唔係刷馬桶，「左右拉鋸」只會刮蝕牙齦，令牙肉越縮越高。

牙肉一縮，牙根外露，敏感、牙縫大、牙黑都會跟住嚟。
📩 想知自己刷牙係咪用錯力？下一篇話你知正確方法。

#reconfi #reconfismile #牙貼 #陶瓷貼片 #牙黃 #牙齒敏感 #牙黑 #笑容無價 #牙縫 #自信 #牙肉問題",,,
保養好你嘅貼片，幫佢延長3倍壽命,"保養好你嘅貼片，幫佢延長3倍壽命
你知唔知道，正確的貼片保養可以將牙齒貼片的使用壽命延長至三倍以上？

其實，牙貼不單單是一次性治療，它需要後續的維護來確保其效果持久。透過適當的保養，陶瓷貼片能保持亮白、光滑，並防止變色、脫落等問題。
如何保養你的牙貼？
1. 選擇軟毛牙刷：硬毛牙刷容易磨損牙貼表面，選擇柔軟毛刷來輕輕清潔。
2. 避免食用過硬或過黏的食物：避免咬硬物（如冰塊）或過黏的食物（如糖果），這些會對牙貼造成壓力。
3. 定期檢查牙貼的貼合度：如果牙貼有松動或不適，應及時就醫處理。
📌 只要做到這些簡單的保養步驟，你嘅牙貼可以保持長久，效果如新！
📩 想了解更多牙貼保養的小技巧，延長牙貼壽命嗎？立即DM我們，了解專業保養建議！
#ReConfi #ReConfiSmile #牙貼保養 #陶瓷貼片 #微笑設計 #牙齒保養 #延長貼片壽命 #術後護理",,,
牙齒敏感可以做貼片嗎？,"牙齒敏感可以做貼片嗎？
好多客人問：我牙齒有少少敏感，做唔做到貼片？會唔會做完更痛？

實際上，敏感本身唔代表唔可以做貼片，

要視乎你敏感嘅原因——例如係牙頸位磨蝕？牙肉萎縮？牙質薄？

仲有，你係做全口定局部？咬合位有無壓力？

真正要判斷可唔可以做，應該由設計師同牙醫一齊睇晒你嘅口腔結構再分析。
📩 有敏感問題都唔洗怕，DM我哋安排評估。

#牙齒敏感可以做貼片嗎 #貼片前要分析 #ReConfi設計導向 #笑容唔怕問清楚",,,
貼片唔係會唔會甩，而係點樣唔好畀佢甩,"貼片唔係會唔會甩，而係點樣唔好畀佢甩
貼片唔係會唔會甩，而係你有冇準備好咬合、設計、護理配合得啱。

做好貼片唔難，難係用十年後都仲覺得貼得啱。
📩 想知你啱唔啱做貼片？DM 傾一傾。

#貼片好唔好 #ReConfi信心笑容 #貼片風險管理 #設計穩陣先長久",,,
"完成貼牙療程
可以用抗敏牙膏舒緩一段時間。","完成貼牙療程
可以用抗敏牙膏舒緩一段時間。

ReConfi會建議你喺術後頭幾星期使用抗敏牙膏，幫助牙齒慢慢適應貼片嘅存在。

抗敏牙膏可以穩定牙本質小管，減少神經過度反應，記得：

✔️ 先用牙線清理牙縫
✔️ 再用牙膏塗在敏感處靜置一分鐘
✔️ 用溫水+軟毛牙刷溫柔刷牙

📩 想知邊款抗敏產品最啱你？可以 DM 詢問我哋術後照顧建議。

#抗敏牙膏 #術後舒緩 #ReConfi護理教室 #牙齒都要慢慢適應",,,
斷片未必係貼片問題，可能係咬合未調整好,"斷片未必係貼片問題，可能係咬合未調整好
貼片本身好堅硬，問題往往唔係片會斷，而係咬合力道未調整好，長期施壓會令黏合位受損。

例如有啲人夜晚磨牙、咬唇、長期單邊咬，冇做咬合分析就直接上貼片，好易出問題。

所以 ReConfi 會做術後咬合評估＋術後追蹤，減低長期風險。
📩 Follow 我哋了解更多貼片耐用度同設計細節。

#貼片咬合 #ReConfi流程 #設計唔只睇靚 #耐用度來自細節",,,
不可放任胡亂刷。,"不可放任胡亂刷。
你以為每日刷牙就夠，但錯嘅手勢刷十年，

會令牙肉退縮、牙齒敏感、牙根變黑，
護理變破壞，唔係因為你懶，而係你唔知。
📩 Follow ReConfi，幫你從日常細節保住你嘅笑容。

#reconfi #reconfismile #牙貼 #陶瓷貼片 #牙黃 #牙齒敏感 #牙黑 #笑容無價 #牙縫 #自信 #護理習慣",,,
牙只有一副，請好好愛惜。,"牙只有一副，請好好愛惜。
你可以換髮型、換眼鏡、換衣著，

但你真正每日同人相見，係你個笑容。

貼片可以補形象，但你對佢好，佢先會陪你耐。

🦷 唔係「一做就一世」，係「你點對佢，佢就點對你」。",,,
"微笑係最快建立信任嘅非語言訊號微笑係最快建立信任嘅非語言訊號

當你未開口，對方就已經感受到你嘅語氣——

就係來自你塊面上嘅表情。
心理學研究話，

人際之間嘅第一層信任，唔係靠語言建立，

而係靠「你畀人嘅感覺」。
而笑容，就係你傳遞「我冇惡意，我可信」最直接嘅訊號。
問題係：你敢自然咁笑咩？

📌 想學識點樣笑得更自然、更有氣場？
📩 Follow我哋，幫你慢慢搵返屬於你嘅笑容力量。
#reconfi #reconfismile #牙貼 #陶瓷貼片 #牙黃 #牙齒敏感 #牙黑 #笑容無價 #牙縫 #自信
笑容就係你嘅第一句自我介紹

你嘅履歷可能寫得好靚，

你嘅自我介紹可能背得熟晒，

但人哋真正記得你，

往往係你第一秒嘅感覺。
唔講嘢之前，笑容已經幫你講咗好多嘢——

講你有冇自信、講你開唔開放、講你值唔值得信任。
笑容，其實就係你未講名之前，最誠實嘅「名片」。

👀 你個笑容，會令人想認識你定係縮後一步？

📩 DM我哋，了解屬於你個人風格嘅笑容設計。
#reconfi #reconfismile #牙貼 #陶瓷貼片 #牙黃 #牙齒敏感 #牙黑 #笑容無價 #牙縫 #自信
你講乜人哋未必記得，但笑容傳遞嘅訊號會好深刻

你可能用咗幾分鐘講你係邊個、你做咩、你嘅故事，

但真正留喺人哋記憶入面嘅，

可能只係你當時笑嗰一下，

係尷尬？係自然？係壓抑？

人哋會感受到。
笑容唔一定要完美，

但一定要真，一定要屬於你。

📌 唔想再尷尬地縮笑？想自然咁展示自己？

📩 Follow我哋 ReConfi，學識點樣用笑容開場，建立真正嘅信任。
#reconfi #reconfismile #牙貼 #陶瓷貼片 #牙黃 #牙齒敏感 #牙黑 #笑容無價 #牙縫 #自信
做咗貼片，仲可唔可以照平時咁刷牙？
好多客人做完貼片第一個問題都係：「我需唔需要用特別嘅牙刷？」
事實上，貼片完成後，日常清潔都可以沿用你本身習慣，
但有幾個地方要特別留意，包括毛刷硬度、漱口水成份、刷牙力度等。
貼片唔係玻璃咁脆弱，但保養做得好，會令佢用得更耐、感覺更舒服。

📩 DM 我哋查詢貼片完成後保養建議，了解長期護理貼士。
#貼片清潔 #ReConfi術後保養 #刷牙知識 #陶瓷貼片要知


清潔貼片有咩注意？你要避開呢幾樣嘢：
✔️ 用軟毛牙刷，減少對陶瓷邊緣磨蝕
✔️ 避免含漂白成份嘅漱口水
✔️ 每日用牙線，清潔牙縫防止牙周問題
✔️ 唔好過度用力刷牙，尤其係黏合位邊緣
✔️ 避免用牙咬開包裝／咬硬物（例如花生、骨）

貼片設計得好，保養要配合先可以保持效果。
唔難，但要有意識。

📩 Follow 我哋 ReConfi，學埋點樣護理你個自然笑容。
#陶瓷貼片保養 #清潔牙貼 #貼片FAQ #ReConfi細節教學


貼片設計係一次，保養係每日。
你個笑容係設計出嚟，
但佢留唔留得耐，就靠你點樣保護。

📩 想我哋幫你檢查貼片使用情況？DM 預約覆診。
#貼片保養每日做 #ReConfi生活笑容 #自然笑靠習慣


貼片會唔會甩？真相唔係你想像咁簡單
做貼片會唔會甩？好多人擔心，一甩就要重做，甚至以為會「飛甩出嚟」。

事實上，貼片經高溫壓製再由專用樹脂黏合，只要咬合穩定、設計精準、清潔得宜，理論上可以用十年以上。

真正會甩嘅情況，其實往往係設計失誤、黏合手法錯誤、或術後護理不足。
📩 想知道你啱唔啱做貼片？DM 預約了解你個案分析。

#貼片會甩嗎 #貼片知識 #ReConfi笑容耐用度 #陶瓷貼片可信嗎
斷片未必係貼片問題，可能係咬合未調整好
貼片本身好堅硬，問題往往唔係片會斷，而係咬合力道未調整好，長期施壓會令黏合位受損。

例如有啲人夜晚磨牙、咬唇、長期單邊咬，冇做咬合分析就直接上貼片，好易出問題。

所以 ReConfi 會做術後咬合評估＋術後追蹤，減低長期風險。
📩 Follow 我哋了解更多貼片耐用度同設計細節。

#貼片咬合 #ReConfi流程 #設計唔只睇靚 #耐用度來自細節
貼片唔係會唔會甩，而係點樣唔好畀佢甩
貼片唔係會唔會甩，而係你有冇準備好咬合、設計、護理配合得啱。

做好貼片唔難，難係用十年後都仲覺得貼得啱。
📩 想知你啱唔啱做貼片？DM 傾一傾。

#貼片好唔好 #ReConfi信心笑容 #貼片風險管理 #設計穩陣先長久
牙齒敏感可以做貼片嗎？
好多客人問：我牙齒有少少敏感，做唔做到貼片？會唔會做完更痛？

實際上，敏感本身唔代表唔可以做貼片，

要視乎你敏感嘅原因——例如係牙頸位磨蝕？牙肉萎縮？牙質薄？

仲有，你係做全口定局部？咬合位有無壓力？

真正要判斷可唔可以做，應該由設計師同牙醫一齊睇晒你嘅口腔結構再分析。
📩 有敏感問題都唔洗怕，DM我哋安排評估。

#牙齒敏感可以做貼片嗎 #貼片前要分析 #ReConfi設計導向 #笑容唔怕問清楚
貼片有機會幫助改善敏感，但要設計得啱先得
有啲客人做完貼片之後，反而覺得冇以前咁敏感，

因為陶瓷本身有一定保護性，幫你覆蓋敏感區。

但如果設計錯／黏合位置唔夠穩／牙肉邊界唔清楚，

敏感會加劇，甚至持續唔適。

所以貼片係唔係對抗敏感嘅解決方法，

唔係靠運氣，而係靠設計得唔得啱你口腔條件。
📩 DM我哋了解你個案，唔洗估，做個分析先。

#貼片改善敏感？ #ReConfi真案例 #貼片唔係盲做 #保護牙齒要睇設計
牙齒敏感唔係絕症，做貼片前應該畀醫生檢查清楚
📩 想知你個情況適唔適合做貼片？DM 預約諮詢。

#ReConfi個案分析 #貼片唔止係靚 #牙齒健康先至關鍵 #笑得出又笑得舒服
你有冇發現，有啲人一笑就畀人一種穩陣、可信、有氣場嘅感覺？
中國面相學早就講過：「齒齊齒白者，心正福厚」。
傳統智慧可能講命理，現代睇法更簡單：整齊嘅牙齒與唇型協調，會令人容易放鬆，提升第一印象同信任感。
反過來，牙齒縫大、亂、唇線唔對稱，會畀人一種「唔齊、唔穩、未 ready」嘅感覺。
有啲嘢唔係靚唔靚，而係順唔順。

📩 想知你個笑容係唔係傳遞緊你想講嘅訊號？DM 約我哋幫你分析。
#面相與第一印象 #齒齊氣場穩 #笑容代表你嘅狀態 #ReConfi
面相學講齒齊、齒白、唇紅為「貴相」，其實係因為：
✔️ 齒列整齊 → 語言清晰、咬合穩定 → 影響說服力
✔️ 齒色自然 → 自然笑得出 → 傳遞親和力
✔️ 唇線對稱 → 面部協調 → 視覺上令人放鬆
再配合現代審美，我哋設計貼片唔係為咗「變樣」，
而係根據臉型比例、笑線走向、五官節奏做微調，
幫你做出一個「觀感舒服、氣場穩定、你自己都認同」嘅笑容。

📩 想知貼片設計同面相比例點樣協調？DM我哋幫你逐項拆解。
#貼片設計邏輯 #笑容與面相 #ReConfi專業設計 #齒線與氣質

齒齊氣順，笑容自成氣場。
📩 Follow ReConfi，睇多啲文化 × 設計 × 審美嘅觀察。

#ReConfi笑容哲學 #現代面相觀 #你嘅氣場你設計
牙齒敏感唔好嚇親
係術後初期正常會發生。

做完陶瓷貼片之後，飲凍水、食甜食有少少「抽痛」，其實係正常反應。

因為你啱啱完成療程，牙齒神經仲處於修復適應期。

大多數人會喺數日內逐漸適應，但期間記得觀察情況。

📩 如果你做完貼片有酸痛，唔洗怕，DM 查詢術後小貼士。

#術後敏感 #ReConfi專業護理 #做貼片唔代表要忍痛 #正常反應唔好嚇親
完成貼牙療程
可以用抗敏牙膏舒緩一段時間。

ReConfi會建議你喺術後頭幾星期使用抗敏牙膏，幫助牙齒慢慢適應貼片嘅存在。

抗敏牙膏可以穩定牙本質小管，減少神經過度反應，記得：

✔️ 先用牙線清理牙縫
✔️ 再用牙膏塗在敏感處靜置一分鐘
✔️ 用溫水+軟毛牙刷溫柔刷牙

📩 想知邊款抗敏產品最啱你？可以 DM 詢問我哋術後照顧建議。

#抗敏牙膏 #術後舒緩 #ReConfi護理教室 #牙齒都要慢慢適應
牙齒酸痛只係你未習慣，根據醫生指示就冇問題。

唔少人以為牙齒酸就係貼片做錯，其實唔一定。

絕大部分都只係牙齒未適應。

只要根據醫生建議護理，大部分反應都會自行回復。
📩 想知你嘅酸痛係唔係正常？DM 我哋安排醫生檢查一下。

#習慣問題唔等於壞事 #術後調整期 #ReConfi貼心提醒 #笑容需要時間
貼片後牙齦邊發黑？可能係根本未貼好
有客人喺其他地方做完貼片，過咗一排發現牙肉邊出現黑線，

第一個反應係「係咪變咗色？係咪壞咗？」

事實上，呢種情況好多時都唔係貼片本身問題，

而係貼合過程根本未處理乾淨、黏合邊冇做好。

呢啲細節位，做之前睇唔出，做完先爆出嚟。
📩 如果你懷疑自己貼片有黑邊，可以 DM 我哋預約檢查。

#牙齦黑 #貼合差 #貼片問題 #牙肉線
發黑情況主要有三，關鍵在「臨床經驗不足」。
出現黑邊，並唔係貼片材質唔好，而係貼合過程中出錯咗：
1️⃣ 倒模不準確
2️⃣ 沒有試戴確認貼合度
3️⃣ 試戴後冇即時根據牙肉形狀作出微調
呢啲問題導致：
🔻 牙貼未完全貼合 → 空隙堆積牙菌膜，顏色滲入邊緣
🔻 牙貼過長壓住牙肉 → 慢性發炎／色素沉澱變黑線
呢啲都唔係命中注定，而係程序出錯。

重點唔係貼片靚唔靚，而係有冇人真係幫你逐步做好每一個位。
ReConfi 嘅流程中，每一單都由設計師 + 臨床醫師 雙重審核，

貼得密、貼得準，先會落實黏合。
📩 想避開黑邊，就要搵返一個夠細心、夠流程嘅團隊。

#貼合準 #貼片風險 #設計失誤 #牙肉健康 #ReConfi細節先安心
黑邊可以避免，只係你要搵到適合嘅團隊。

📩 Follow ReConfi，貼片唔止係靚，係穩。

#貼合準 #陶瓷貼片 #牙肉健康 #設計細節
牙齒使用說明書，不要「這樣」使用你的牙齒
牙齒係咬食物用，唔係開啤酒、撕包裝、咬指甲、夾住支筆。
你覺得自己夠man，夠方便，夠習慣——但你啲牙日日都記住緊你點樣對佢。
🦷 一啖冇事，兩啖微裂，三啖崩角，一世冇得補。
3 個會默默傷害你牙齒嘅壞習慣：
1️⃣ 咬冰塊：牙釉質易爆裂，陶瓷貼片都會碎

2️⃣ 咬指甲：傳染細菌＋牙縫變寬

3️⃣ 用牙開東西：會造成崩角／牙根裂開
可能你冇即時感覺痛，但微細傷害係一世紀錄。
你個笑容值得被保護，而唔係挑戰極限。
牙只有一副，請好好愛惜。
你可以換髮型、換眼鏡、換衣著，

但你真正每日同人相見，係你個笑容。

貼片可以補形象，但你對佢好，佢先會陪你耐。

🦷 唔係「一做就一世」，係「你點對佢，佢就點對你」。
覺得用牙線麻煩？水牙線係一個好開始。
你唔係唔想清牙縫，只係成日搵唔到時間，

覺得牙線煩、唔習慣、成日刮到牙肉。

其實你可以先用水牙線——易入口、夠快、無痛感，

每日沖一沖，總好過冇做。
📩 想建立日常清潔習慣？水牙線可以係你第一步。

#reconfi #reconfismile #牙貼 #陶瓷貼片 #牙黃 #牙齒敏感 #牙黑 #笑容無價 #牙縫 #自信 #水牙線
水牙線唔係牙線代替品，但勝在容易堅持。
你可能聽過：水牙線代唔到傳統牙線。

係，冇錯。

但問題係——你連牙線都冇用，咁點代？
水牙線未必可以深層刮走牙菌膜，

但如果你想建立基本清潔習慣，佢係最唔痛又最容易堅持嘅方法。
🌀 用法簡單：
1. 注入溫水
2. 轉中／低水壓（新手建議由低開始）
3. 嘴微微張開，垂直對準牙縫
4. 沿牙齒邊緣逐格慢慢移動
5. 用完記得清水沖機身＋風乾
📩 想搵到適合你牙縫大小、水壓強度嘅水牙線？DM我哋推介型號。

#reconfi #reconfismile #牙貼 #陶瓷貼片 #牙黃 #牙齒敏感 #牙黑 #笑容無價 #牙縫 #自信 #水牙線
刷牙前不妨試下，你會發覺乾淨好多。
傳統牙線係「刮」、水牙線係「沖」，

而沖喺前，刷喺後，效果會好明顯。
✅ 食物殘渣唔會留住再刷嚟推嚟走

✅ 刷牙唔會混住污漬再抹開

✅ 口氣清新感會更持久
第一次用水牙線，可能覺得「都係水啫」，

但試過你就會知——你刷咁耐，原來有啲位從來未清過。
📩 想試一試用得舒服又唔痛嘅款？我哋可以推介幾個好入門嘅選擇。

#reconfi #reconfismile #牙貼 #陶瓷貼片 #牙黃 #牙齒敏感 #牙黑 #笑容無價 #牙縫 #自信 #水牙線
牙肉萎縮最大原因竟然係刷牙手勢？
牙肉退縮唔一定係年紀大、牙周病，有時只係——你刷牙太大力、方向錯。

刷牙唔係刷馬桶，「左右拉鋸」只會刮蝕牙齦，令牙肉越縮越高。

牙肉一縮，牙根外露，敏感、牙縫大、牙黑都會跟住嚟。
📩 想知自己刷牙係咪用錯力？下一篇話你知正確方法。

#reconfi #reconfismile #牙貼 #陶瓷貼片 #牙黃 #牙齒敏感 #牙黑 #笑容無價 #牙縫 #自信 #牙肉問題
5 個刷牙 Tips：你刷咗咁多年，啱咗幾多？
1️⃣ 選「軟毛牙刷」，唔係刷得硬就乾淨

2️⃣ 用「打圈手勢」，唔係左右來回刮

3️⃣ 刷頭「斜向 45 度」對住牙肉線

4️⃣ 內外面＋咀嚼面都要刷到

5️⃣ 每日兩次，每次最少兩分鐘
✅ 簡單做到，又真係可以防止牙肉傷害、牙漬積聚。
📩 Save 低呢篇，每日照住刷，牙肉會多謝你。

#reconfi #reconfismile #牙貼 #陶瓷貼片 #牙黃 #牙齒敏感 #牙黑 #笑容無價 #牙縫 #自信 #刷牙技巧","微笑係最快建立信任嘅非語言訊號

當你未開口，對方就已經感受到你嘅語氣——

就係來自你塊面上嘅表情。
心理學研究話，

人際之間嘅第一層信任，唔係靠語言建立，

而係靠「你畀人嘅感覺」。
而笑容，就係你傳遞「我冇惡意，我可信」最直接嘅訊號。
問題係：你敢自然咁笑咩？

📌 想學識點樣笑得更自然、更有氣場？
📩 Follow我哋，幫你慢慢搵返屬於你嘅笑容力量。
#reconfi #reconfismile #牙貼 #陶瓷貼片 #牙黃 #牙齒敏感 #牙黑 #笑容無價 #牙縫 #自信",,,
3 個會默默傷害你牙齒嘅壞習慣：,"3 個會默默傷害你牙齒嘅壞習慣：
1️⃣ 咬冰塊：牙釉質易爆裂，陶瓷貼片都會碎

2️⃣ 咬指甲：傳染細菌＋牙縫變寬

3️⃣ 用牙開東西：會造成崩角／牙根裂開
可能你冇即時感覺痛，但微細傷害係一世紀錄。
你個笑容值得被保護，而唔係挑戰極限。",,,
刷牙前不妨試下，你會發覺乾淨好多。,"刷牙前不妨試下，你會發覺乾淨好多。
傳統牙線係「刮」、水牙線係「沖」，

而沖喺前，刷喺後，效果會好明顯。
✅ 食物殘渣唔會留住再刷嚟推嚟走

✅ 刷牙唔會混住污漬再抹開

✅ 口氣清新感會更持久
第一次用水牙線，可能覺得「都係水啫」，

但試過你就會知——你刷咁耐，原來有啲位從來未清過。
📩 想試一試用得舒服又唔痛嘅款？我哋可以推介幾個好入門嘅選擇。

#reconfi #reconfismile #牙貼 #陶瓷貼片 #牙黃 #牙齒敏感 #牙黑 #笑容無價 #牙縫 #自信 #水牙線",,,
飲咖啡上癮但牙齒越飲越黃？唔使怕！陶瓷貼片幫你搞掂～,"☕️飲咖啡上癮但牙齒越飲越黃？唔使怕！陶瓷貼片幫你搞掂～
咖啡令牙齒變黃嘅真相身邊好多朋友同我一樣，每日唔飲杯咖啡就好似未醒咁！但飲耐咗就發現，牙齒漸漸從珍珠白變成「奶茶色」😭 其實咖啡入面嘅單寧酸同深色素係元兇！單寧酸會破壞牙齒表層嘅琺瑯質，令色素更容易沈澱；加上咖啡本身嘅深色素，日積月累就令牙齒黃到唔敢開口大笑！而且牙齒變黃唔單止影響儀容，仲可能係口腔健康響起警號～
陶瓷貼片：牙齒美白終極法寶**唔想放棄心愛嘅咖啡，又想擁有亮白笑容？陶瓷貼片絕對係救星！呢種薄薄嘅陶瓷片就好似為牙齒量身訂造嘅「美白戰衣」，透過專業技術貼喺牙齒表面，遮蓋原本嘅黃牙，仲可以修補細微嘅牙齒缺陷，即刻令笑容升級✨陶瓷貼片用嘅係高質陶瓷物料，質感通透自然，唔會好似「假牙」咁誇張。無論你係天生牙齒偏黃、牙齒表面有啡斑，定係牙齒輕微缺損，都可以透過陶瓷貼片重拾自信笑容！
陶瓷貼片全過程大公開1️⃣ 初步諮詢：搵專業嘅牙醫傾傾，了解自己適唔適合做陶瓷貼片2️⃣ 口腔檢查：牙醫會仔細檢查牙齒健康狀況，確保口腔無炎症3️⃣ 牙齒打磨：將牙齒表面磨去薄薄一層，令貼片可以更貼服4️⃣ 取模製作：根據你嘅牙齒形狀度身訂造陶瓷貼片5️⃣ 貼片黏合：牙醫會將貼片精準黏喺牙齒上，調整咬合，即刻擁有亮白整齊嘅牙齒！
做完陶瓷貼片後要注意✨ 做完初期可能會有少少敏感，呢個係正常嘅，記得用抗敏感牙膏✨ 避免咬太硬嘅嘢，好似骨頭、硬殼果，防止貼片崩裂✨ 保持每日早晚刷牙，食完嘢後用漱口水，定期返診檢查咖啡同亮白笑容其實可以兼得！只要做好口腔護理，再配合陶瓷貼片，以後飲咖啡都可以盡情笑啦～😆#咖啡控 #牙齒美白 #陶瓷貼片 #香港美牙",,,
你講乜人哋未必記得，但笑容傳遞嘅訊號會好深刻,"你講乜人哋未必記得，但笑容傳遞嘅訊號會好深刻

你可能用咗幾分鐘講你係邊個、你做咩、你嘅故事，

但真正留喺人哋記憶入面嘅，

可能只係你當時笑嗰一下，

係尷尬？係自然？係壓抑？

人哋會感受到。
笑容唔一定要完美，

但一定要真，一定要屬於你。

📌 唔想再尷尬地縮笑？想自然咁展示自己？

📩 Follow我哋 ReConfi，學識點樣用笑容開場，建立真正嘅信任。
#reconfi #reconfismile #牙貼 #陶瓷貼片 #牙黃 #牙齒敏感 #牙黑 #笑容無價 #牙縫 #自信",,,
"牙齒敏感唔好嚇親
係術後初期有機會發生。","牙齒敏感唔好嚇親
係術後初期正常會發生。

做完陶瓷貼片之後，飲凍水、食甜食有少少「抽痛」，其實係正常反應。

因為你啱啱完成療程，牙齒神經仲處於修復適應期。

大多數人會喺數日內逐漸適應，但期間記得觀察情況。

📩 如果你做完貼片有酸痛，唔洗怕，DM 查詢術後小貼士。

#術後敏感 #ReConfi專業護理 #做貼片唔代表要忍痛 #正常反應唔好嚇親",,,
水牙線唔係牙線代替品，但勝在容易堅持。,"水牙線唔係牙線代替品，但勝在容易堅持。
你可能聽過：水牙線代唔到傳統牙線。

係，冇錯。

但問題係——你連牙線都冇用，咁點代？
水牙線未必可以深層刮走牙菌膜，

但如果你想建立基本清潔習慣，佢係最唔痛又最容易堅持嘅方法。
🌀 用法簡單：
1. 注入溫水
2. 轉中／低水壓（新手建議由低開始）
3. 嘴微微張開，垂直對準牙縫
4. 沿牙齒邊緣逐格慢慢移動
5. 用完記得清水沖機身＋風乾
📩 想搵到適合你牙縫大小、水壓強度嘅水牙線？DM我哋推介型號。

#reconfi #reconfismile #牙貼 #陶瓷貼片 #牙黃 #牙齒敏感 #牙黑 #笑容無價 #牙縫 #自信 #水牙線",,,
貼片有機會幫助改善敏感，但要設計得啱先得,"貼片有機會幫助改善敏感，但要設計得啱先得
有啲客人做完貼片之後，反而覺得冇以前咁敏感，

因為陶瓷本身有一定保護性，幫你覆蓋敏感區。

但如果設計錯／黏合位置唔夠穩／牙肉邊界唔清楚，

敏感會加劇，甚至持續唔適。

所以貼片係唔係對抗敏感嘅解決方法，

唔係靠運氣，而係靠設計得唔得啱你口腔條件。
📩 DM我哋了解你個案，唔洗估，做個分析先。

#貼片改善敏感？ #ReConfi真案例 #貼片唔係盲做 #保護牙齒要睇設計",,,
笑容就係你嘅第一句自我介紹,"笑容就係你嘅第一句自我介紹

你嘅履歷可能寫得好靚，

你嘅自我介紹可能背得熟晒，

但人哋真正記得你，

往往係你第一秒嘅感覺。
唔講嘢之前，笑容已經幫你講咗好多嘢——

講你有冇自信、講你開唔開放、講你值唔值得信任。
笑容，其實就係你未講名之前，最誠實嘅「名片」。

👀 你個笑容，會令人想認識你定係縮後一步？

📩 DM我哋，了解屬於你個人風格嘅笑容設計。
#reconfi #reconfismile #牙貼 #陶瓷貼片 #牙黃 #牙齒敏感 #牙黑 #笑容無價 #牙縫 #自信",,,
覺得用牙線麻煩？水牙線係一個好開始。,"覺得用牙線麻煩？水牙線係一個好開始。
你唔係唔想清牙縫，只係成日搵唔到時間，

覺得牙線煩、唔習慣、成日刮到牙肉。

其實你可以先用水牙線——易入口、夠快、無痛感，

每日沖一沖，總好過冇做。
📩 想建立日常清潔習慣？水牙線可以係你第一步。

#reconfi #reconfismile #牙貼 #陶瓷貼片 #牙黃 #牙齒敏感 #牙黑 #笑容無價 #牙縫 #自信 #水牙線",,2025年7月20日,Content ready
水牙線唔係牙線代替品，但勝在容易堅持,"水牙線唔係牙線代替品，但勝在容易堅持
水牙線千祈唔好完全代替傳統牙線，因為牙線可以更有效刮走牙齒側面嘅牙菌膜。不過，水牙線用起嚟好輕鬆，可以輔助每日清潔，特別係多牙縫、假牙、矯正器或者牙周病患者。重點係，水牙線操作簡單，唔會因為麻煩而放棄，更容易令你養成好習慣！#ReConfi #陶瓷牙貼 #健康貼士",,2025年7月19日,Content ready
刷牙前不妨試下，你會發覺乾淨好多,"刷牙前不妨試下，你會發覺乾淨好多
如果你之前未試過水牙線，不妨喺刷牙前用一次，好快就會發現牙縫比平時乾淨好多，牙齦亦會更健康。習慣用水牙線後，你會發現整個口腔都更清爽，甚至連口氣都會改善。想牙齒健康長命，記住要勤力清潔，快啲試吓水牙線，俾自己一個改變嘅機會！
#ReConfi #陶瓷牙貼 #自信笑容 #健康生活",,2025年7月18日,Content ready
貼片後牙齦邊發黑？可能係根本未貼好,"貼片後牙齦邊發黑？可能係根本未貼好
有客人喺其他地方做完貼片，過咗一排發現牙肉邊出現黑線，

第一個反應係「係咪變咗色？係咪壞咗？」

事實上，呢種情況好多時都唔係貼片本身問題，

而係貼合過程根本未處理乾淨、黏合邊冇做好。

呢啲細節位，做之前睇唔出，做完先爆出嚟。
📩 如果你懷疑自己貼片有黑邊，可以 DM 我哋預約檢查。

#牙齦黑 #貼合差 #貼片問題 #牙肉線",,2025年7月23日,Content ready
發黑情況主要有三，關鍵在「臨床經驗不足」,"發黑情況主要有三，關鍵在「臨床經驗不足」。
出現黑邊，並唔係貼片材質唔好，而係貼合過程中出錯咗：
1️⃣ 倒模不準確
2️⃣ 沒有試戴確認貼合度
3️⃣ 試戴後冇即時根據牙肉形狀作出微調
呢啲問題導致：
🔻 牙貼未完全貼合 → 空隙堆積牙菌膜，顏色滲入邊緣
🔻 牙貼過長壓住牙肉 → 慢性發炎／色素沉澱變黑線
呢啲都唔係命中注定，而係程序出錯。

重點唔係貼片靚唔靚，而係有冇人真係幫你逐步做好每一個位。
ReConfi 嘅流程中，每一單都由設計師 + 臨床醫師 雙重審核，

貼得密、貼得準，先會落實黏合。
📩 想避開黑邊，就要搵返一個夠細心、夠流程嘅團隊。

#貼合準 #貼片風險 #設計失誤 #牙肉健康 #ReConfi細節先安心",,2025年7月22日,Content ready
精雕細琢，為你呈現更好的自己,"精雕細琢，為你呈現更好的自己
#陶瓷貼片 #ReConfi",,2025年7月21日,Content ready
牛津大學研究顯示，開心嘅員工比平常生產力高出13%,"牛津大學研究顯示，開心嘅員工比平常生產力高出13%
原來你笑得開心，唔止你開心咁簡單，連你工作效率都會提升！

根據牛津大學 Saïd Business School 嘅研究，快樂嘅員工比平常生產力高出13%。

笑容唔單止係表面，更係幫你打造正面職場氣氛嘅秘密武器。
📩 想知道點樣設計出屬於你嘅職場笑容？DM我哋傾傾！
#ReConfi #ReConfiSmile #職場笑容 #開心工作 #生產力提升 #牛津研究 #微笑力量",,2025年7月26日,Content ready
笑容喺職場影響比你想像中大,"笑容喺職場影響比你想像中大
職場上，講嘢之前，你已經用笑容講咗嘢。
真誠嘅笑容可以：

✔ 拉近你同同事、客戶嘅距離

✔ 建立信任同親和力

✔ 緩解緊張氣氛，提升團隊氣場

✔ 表現出你嘅穩定與領導力
假笑會令人尷尬，但真笑會令人安心。
📩 想打造一個真誠、可信、充滿自信嘅笑容？DM我哋幫你設計！
#ReConfi #ReConfiSmile #職場信任 #笑容管理 #職場魅力 #非語言溝通 #微笑影響力",,2025年7月25日,Content ready
笑得自然嘅人，最有自信。,"笑得自然嘅人，最有自信。
唔需要太多解釋，真正有自信嘅人，唔使勉強自己笑，因為佢哋由內到外都放鬆自在。

自然嘅笑容，先係最好嘅名片。
📩 想搵返屬於你嘅自然笑容？DM我哋，ReConfi 幫你打造。
#ReConfi #ReConfiSmile #自然笑容 #職場自信 #微笑哲學 #內外一致 #形象設計",,2025年7月24日,Content ready
齒齊氣順，笑容自成氣場。,"
齒齊氣順，笑容自成氣場。
📩 Follow ReConfi，睇多啲文化 × 設計 × 審美嘅觀察。

#ReConfi笑容哲學 #現代面相觀 #你嘅氣場你設計",,,
"5 個刷牙 Tips：你刷咗咁多年，啱咗幾多？
1️⃣ 選「軟毛牙刷」，唔係刷得硬就乾淨

2️⃣ 用「打圈手勢」，唔係左右來回刮

3️⃣ 刷頭「斜向 45 度」對住牙肉線

4️⃣ 內外面＋咀嚼面都要刷到

5️⃣ 每日兩次，每次最少兩分鐘
✅ 簡單做到，又真係可以防止牙肉傷害、牙漬積聚。
📩 Save 低呢篇，每日照住刷，牙肉會多謝你。

#reconfi #reconfismile #牙貼 #陶瓷貼片 #牙黃 #牙齒敏感 #牙黑 #笑容無價 #牙縫 #自信 #刷牙技巧","5 個刷牙 Tips：你刷咗咁多年，啱咗幾多？
1️⃣ 選「軟毛牙刷」，唔係刷得硬就乾淨

2️⃣ 用「打圈手勢」，唔係左右來回刮

3️⃣ 刷頭「斜向 45 度」對住牙肉線

4️⃣ 內外面＋咀嚼面都要刷到

5️⃣ 每日兩次，每次最少兩分鐘
✅ 簡單做到，又真係可以防止牙肉傷害、牙漬積聚。
📩 Save 低呢篇，每日照住刷，牙肉會多謝你。

#reconfi #reconfismile #牙貼 #陶瓷貼片 #牙黃 #牙齒敏感 #牙黑 #笑容無價 #牙縫 #自信 #刷牙技巧",,,
愛惜你嘅貼片，就好似愛惜牙齒一樣,"愛惜你嘅貼片，就好似愛惜牙齒一樣
貼片係你笑容的一部分，正如牙齒係你口腔的一部分，愛惜牙貼，就等於愛惜你的笑容。

如果你不小心保養，牙貼可能會受損，影響整體的美觀及效果。反之，透過良好的保養，牙貼的持久性和外觀都會大大提高。
如何像愛惜牙齒一樣愛惜牙貼？
1. 避免用牙齒咬硬物：避免用牙齒咬開包裝或吃過硬的食物，這樣會對貼片造成很大的壓力。
2. 輕柔刷牙：正確的刷牙方式不僅能保護牙齒，也能保護貼片。使用輕柔的圓圈方式刷牙，避免傷害牙貼表面。
3. 保持牙齒與貼片清潔：定期使用牙線清潔牙齒間的空隙，確保貼片不受細菌與色素的侵害。
📌 只要你愛惜自己的貼片，佢就會幫你維持健康美麗嘅笑容！
📩 想了解更多愛惜牙貼的技巧嗎？DM我們，提供專業保養建議！
#ReConfi #ReConfiSmile #牙貼保養 #陶瓷貼片 #牙齒保養 #微笑設計 #貼片護理",,,
牙齒美白迷思破解（Myth vs. Fact）,"🦷【牙齒美白迷思大破解！你中招未？】🦷
#牙齒美學 #迷思破解 #專業分享
成日都有人問：牙齒美白係咪會傷牙齒？用炭粉真係有效？
今次我地一齊拆解三大常見牙齒美白迷思，等大家唔再中伏！
✨迷思一：美白牙膏用得多，牙齒會愈嚟愈白？
❌ 其實美白牙膏主要靠磨砂粒子去除表面污漬，長期用反而會損傷牙釉質，令牙齒變得敏感，唔會令牙齒「由黃變白」。
✨迷思二：活性炭粉真係可以美白牙齒？
❌ 活性炭粉雖然可以清潔表面，但無臨床證據證明佢真係有效美白，仲有機會刮損牙齒表面，得不償失！
✨迷思三：美白療程會傷牙齒？
⭕️ 其實美白療程嘅原理係利用漂白藥劑令牙齒漂白，只要處理得當亦都可以得到短期嘅美白效果。
小貼士：
美白前記住搵專業牙醫評估，揀啱適合自己嘅方案，唔好盲目跟風！
👇留言講下你仲聽過咩牙齒美白迷思？有疑問都可以問我地，下一集再一齊解答啦！
#專業牙齒美學 #自信笑容 #健康第一",,,
牙齒貼面材質大比拼（不同陶瓷的特性）,"🦷【陶瓷貼面材質大比拼｜點揀最啱自己？】🦷
#陶瓷貼面 #材質比較 #微笑設計
想做陶瓷貼面，但唔知邊款材質最啱你？ReConfi提供多種國際品牌高質陶瓷貼面，全部療程都包晒面診、洗牙、微笑線設計、安裝費同一年保養，真正一站式專業服務。以下幫大家簡單比較主流貼面材質特性：
-
玻璃陶瓷（Ivoclar IPS Empress CAD）
• 通透自然，色澤柔和
• 性價比高，適合日常美學修復
• 適合預算有限但追求自然效果人士
-
EMAX二矽酸鋰瓷（Ivoclar IPS e.max Press／CAD）
• 強度高、通透自然、厚度極薄
• 耐用度高，適合前牙美學
• 最受歡迎、外觀接近真牙
-
藍瓷（Ivoclar IPS e.max CAD藍瓷）
• 色澤偏藍，遮瑕力強
• 光照下特別突出
• 適合深色牙齒或追求明星級亮白效果
-
琥珀瓷（VITA SUPRINITY）
• 通透度極高，可透出原生牙色
• 效果自然，唔會過份亮白
• 適合牙色本身較淺、重視自然感人士
-
靈犀瓷（Dentsply Sirona Celtra Duo）
• 頂級科技，紋理自然，硬度高
• 逼真度極高，耐用度強
• 適合追求最自然同高強度效果人士
-
半手工／全手工瓷（Ivoclar IPS e.max Press + Ceram／Ceram）
• 牙技師逐層上色，層次豐富
• 外觀最接近真牙，極致工藝
• 適合對美學有極高要求人士
-
二氧化鋯瓷（IPS e.max ZirCAD）
• 強度極高，耐磨耐撞
• 適合咬合力大、後牙或特殊遮色需求
• 壽命可達80-120年
-
每種材質都有獨特優勢，建議搵專業團隊根據自己牙齒狀況、外觀需求、咬合情況同預算度身訂造，先可以達到最理想效果。
-
✨想睇最新2025年價目表？
即刻留言【價目表】或inbox查詢，專人會盡快send比你！
#ReConfiHK #陶瓷貼面 #專業微笑設計",,,
創意互動投票：「你最想改善哪一個牙齒問題？」,,,,
🦷【牙齒美學與自信心的關聯｜微笑可以改變人生】🦷,"🦷【牙齒美學與自信心的關聯｜微笑可以改變人生】🦷
#自信笑容 #牙齒美學 #生活質素提升
你有冇試過因為牙齒問題而唔敢大笑，甚至影響到自信？事實上，牙齒美學不止係外表咁簡單，更直接影響自信心、職場發展、人際關係同生活質素。
-
為什麼牙齒美學會影響自信？
• 微笑係第一印象關鍵
研究顯示，擁有整齊亮白牙齒同自信笑容嘅人，容易俾人覺得聰明、專業、吸引，甚至被雇用機會都會提高。
• 牙齒問題會造成自卑
不少人因為牙齒黃、牙縫大、排列唔齊等問題，會避免露齒笑，甚至影響社交、戀愛、工作表現。
• 美學修復能重塑自信
透過陶瓷貼片等牙齒美學技術，可以改善牙齒顏色、形狀、比例、排列等問題，打造專屬自然笑容，令自信由內而外自然流露。
• 真實案例分享
好多患者做完牙齒美學療程後，唔單止外表改變咗，連自信同生活態度都大大提升。有工程師因為門牙有縫唔敢笑，做完貼片之後唔單止學識咗點樣大笑，仲交到新女朋友，連站姿都變得更挺拔。
-
牙齒美學提升自信的三大關鍵
1. 外觀自然和諧，笑容更吸引
陶瓷貼片等療程可以根據面型、五官比例、個人風格度身訂造，打造最適合自己嘅微笑曲線。
2. 改善社交與職場表現
擁有自信笑容，無論係面試、開會、約會，表現都會更主動、更有說服力。
3. 心理健康同步提升
美觀的牙齒可以減少容貌焦慮，提升自尊心，令你更願意主動參與社交活動，享受生活每一刻。
-
小貼士
牙齒美學唔單止係「變靚」，更係一種長遠投資自信同生活質素嘅選擇。如果你都想了解點樣透過專業微笑設計重拾自信，歡迎留言【自信】或inbox查詢，團隊會為你度身訂造專屬方案！
#重拾自信 #煥發新生 #ReConfiHK",,,
從「牙齒面相」改善爛桃花讓渣男退散、漏財運勢改運，命理大師簡少年解析8大神秘的齒相學,https://sov.dental/blogs/63f472d5d8b6627f12c9a0d7,,,Ideation